Distdb server (www.distdb.com)
Copyright (c) 2026 Sam Colak. All rights reserved.
[2026-08-05T11:59:43Z INFO  server] tls enrollment succeeded via tls-server=127.0.0.1:19443 sans=localhost,127.0.0.1
[2026-08-05T11:59:43Z INFO  server] loaded p2p tls material from tls-server=127.0.0.1:19443 extra_sans=localhost,127.0.0.1
[2026-08-05T11:59:43Z INFO  server] starting server node_id=perf-baseline-node with runtime config: data_dir=/Users/samcolak/Source Code/rust/distdb/distdb/artifacts/perf/nonfunctional-baseline-20260805-135943-98167, listen_addr=127.0.0.1, port=19401, tls=required, ca_root=false, services=affinity.replication,p2p.discovery,sql.query
[2026-08-05T11:59:43Z INFO  server::core::app::state] node data directory: /Users/samcolak/Source Code/rust/distdb/distdb/artifacts/perf/nonfunctional-baseline-20260805-135943-98167/perf-baseline-node
[2026-08-05T11:59:43Z INFO  server::core::app::state] server app created for node_id=perf-baseline-node
[2026-08-05T11:59:43Z INFO  server] connector request listener bound at 127.0.0.1:19401
[2026-08-05T11:59:43Z INFO  serverlib::engine::database::catalog] database catalog status changed: database_id=6959545634f300eb previous=Load next=Sync
[2026-08-05T11:59:43Z INFO  serverlib::engine::database::catalog] database catalog status changed: database_id=6959545634f300eb previous=Sync next=Ready
[2026-08-05T11:59:43Z INFO  server::core::app::lifecycle] initialized default system catalog database='main'
[2026-08-05T11:59:43Z INFO  server::core::app::lifecycle] catalog replay complete catalogs=1 tables=0 transactions=0 elapsed_ms=2
[2026-08-05T11:59:43Z INFO  serverlib::engine::database::catalog] database catalog status changed: database_id=6959545634f300eb previous=Ready next=Indexing
[2026-08-05T11:59:43Z INFO  serverlib::engine::database::runtime_index] runtime index bootstrap mode materialize_non_primary=true preload_accessors_on_bootstrap=true preload_accessor_max_live_rows=150000 warm_equality_cache_on_bootstrap=true non_primary_field_allowlist=<none> non_primary_index_allowlist=<none>
[2026-08-05T11:59:43Z INFO  serverlib::engine::database::runtime_index] runtime index bootstrap complete tables=0 indexes=0 live_rows=0 elapsed_ms=0
[2026-08-05T11:59:43Z INFO  serverlib::engine::database::catalog] database catalog status changed: database_id=6959545634f300eb previous=Indexing next=Ready
[2026-08-05T11:59:43Z INFO  server::core::app::state] server bootstrap complete for node_id=perf-baseline-node data_dir=/Users/samcolak/Source Code/rust/distdb/distdb/artifacts/perf/nonfunctional-baseline-20260805-135943-98167/perf-baseline-node catalogs=1 tables=0 load_catalogs_ms=4 replay_catalog_wal_ms=2 runtime_index_bootstrap_ms=0 total_ms=7
[2026-08-05T11:59:43Z INFO  server] server runtime initialized for node=perf-baseline-node with 2 active WAL worker(s) and 1 probe records
[2026-08-05T11:59:43Z INFO  server] connector bootstrap gate opened; server is ready to accept requests
[2026-08-05T11:59:43Z INFO  server] server process is running; press Ctrl+C to shutdown
[2026-08-05T11:59:43Z INFO  server] connector peer connected from 127.0.0.1:58798 (active_connections=1)
[2026-08-05T11:59:43Z INFO  server::core::control::connector_handler] server peer discovery row peer_id=perf-baseline-node local_node_addrs=["/ip4/127.0.0.1/tcp/19401"] peer_addrs=["/ip4/127.0.0.1/tcp/19401"]
[2026-08-05T11:59:43Z INFO  server] connector peer disconnected from 127.0.0.1:58798 (active_connections=0)
[2026-08-05T11:59:43Z INFO  server] connector peer connected from 127.0.0.1:58799 (active_connections=1)
[2026-08-05T11:59:43Z INFO  server::core::control::connector_handler] server peer discovery row peer_id=perf-baseline-node local_node_addrs=["/ip4/127.0.0.1/tcp/19401"] peer_addrs=["/ip4/127.0.0.1/tcp/19401"]
[2026-08-05T11:59:43Z INFO  serverlib::engine::database::catalog] database catalog status changed: database_id=0840568abacd8454 previous=Load next=Sync
[2026-08-05T11:59:43Z INFO  serverlib::engine::database::catalog] database catalog status changed: database_id=0840568abacd8454 previous=Sync next=Ready
[2026-08-05T11:59:43Z INFO  serverlib::engine::database::table] database entity status changed: kind=table entity_id=019fd1cb35c675e1b9aca82f6fddd89d table_id=events previous=Load next=Sync
[2026-08-05T11:59:43Z INFO  serverlib::engine::database::table] database entity status changed: kind=table entity_id=019fd1cb35c675e1b9aca82f6fddd89d table_id=events previous=Sync next=Ready
[2026-08-05T11:59:43Z INFO  serverlib::engine::wal] WAL worker started for stream=98e9846cc98f64ee (replayed 0 record(s) from disk)
[2026-08-05T11:59:43Z INFO  serverlib::engine::wal] WAL worker started for stream=036730308cfd4094 (replayed 0 record(s) from disk)
[2026-08-05T11:59:43Z INFO  serverlib::engine::database::table] database entity status changed: kind=table entity_id=019fd1cb35c675e1b9aca82f6fddd89d table_id=events previous=Ready next=Lock
[2026-08-05T11:59:43Z INFO  server::core::mappings::query::core::mutation_ops] mutation diagnostics: runtime index rebuild table=events reason=insert_unique_fast_path_cold_index rebuild_count=1
[2026-08-05T11:59:43Z INFO  serverlib::engine::database::table] database entity status changed: kind=table entity_id=019fd1cb35c675e1b9aca82f6fddd89d table_id=events previous=Lock next=Sync
[2026-08-05T11:59:43Z INFO  serverlib::engine::database::table] database entity status changed: kind=table entity_id=019fd1cb35c675e1b9aca82f6fddd89d table_id=events previous=Sync next=Ready
[2026-08-05T11:59:43Z INFO  server::core::mappings::query::core::mutation_ops] mutation diagnostics: table_write_guard table=events applied=true defer_finalize=false already_locked=false lock_ms=0 execute_ms=5 finalize_ms=0 total_ms=5
[2026-08-05T11:59:43Z INFO  serverlib::engine::database::table] database entity status changed: kind=table entity_id=019fd1cb35c675e1b9aca82f6fddd89d table_id=events previous=Ready next=Lock
[2026-08-05T11:59:43Z INFO  serverlib::engine::database::table] database entity status changed: kind=table entity_id=019fd1cb35c675e1b9aca82f6fddd89d table_id=events previous=Lock next=Sync
[2026-08-05T11:59:43Z INFO  serverlib::engine::database::table] database entity status changed: kind=table entity_id=019fd1cb35c675e1b9aca82f6fddd89d table_id=events previous=Sync next=Ready
[2026-08-05T11:59:43Z INFO  server::core::mappings::query::core::mutation_ops] mutation diagnostics: table_write_guard table=events applied=true defer_finalize=false already_locked=false lock_ms=0 execute_ms=8 finalize_ms=0 total_ms=8
[2026-08-05T11:59:43Z WARN  serverlib::engine::database::runtime_index] runtime index snapshot save skipped table=events reason=wal fingerprint changed after snapshot write
[2026-08-05T11:59:43Z INFO  serverlib::engine::database::table] database entity status changed: kind=table entity_id=019fd1cb35c675e1b9aca82f6fddd89d table_id=events previous=Ready next=Lock
[2026-08-05T11:59:43Z INFO  serverlib::engine::database::table] database entity status changed: kind=table entity_id=019fd1cb35c675e1b9aca82f6fddd89d table_id=events previous=Lock next=Sync
[2026-08-05T11:59:43Z INFO  serverlib::engine::database::table] database entity status changed: kind=table entity_id=019fd1cb35c675e1b9aca82f6fddd89d table_id=events previous=Sync next=Ready
[2026-08-05T11:59:43Z INFO  server::core::mappings::query::core::mutation_ops] mutation diagnostics: table_write_guard table=events applied=true defer_finalize=false already_locked=false lock_ms=0 execute_ms=4 finalize_ms=0 total_ms=4
[2026-08-05T11:59:43Z INFO  serverlib::engine::database::table] database entity status changed: kind=table entity_id=019fd1cb35c675e1b9aca82f6fddd89d table_id=events previous=Ready next=Lock
[2026-08-05T11:59:43Z INFO  serverlib::engine::database::table] database entity status changed: kind=table entity_id=019fd1cb35c675e1b9aca82f6fddd89d table_id=events previous=Lock next=Sync
[2026-08-05T11:59:43Z INFO  serverlib::engine::database::table] database entity status changed: kind=table entity_id=019fd1cb35c675e1b9aca82f6fddd89d table_id=events previous=Sync next=Ready
[2026-08-05T11:59:43Z INFO  server::core::mappings::query::core::mutation_ops] mutation diagnostics: table_write_guard table=events applied=true defer_finalize=false already_locked=false lock_ms=0 execute_ms=3 finalize_ms=0 total_ms=3
[2026-08-05T11:59:43Z INFO  serverlib::engine::database::table] database entity status changed: kind=table entity_id=019fd1cb35c675e1b9aca82f6fddd89d table_id=events previous=Ready next=Lock
[2026-08-05T11:59:43Z INFO  serverlib::engine::database::table] database entity status changed: kind=table entity_id=019fd1cb35c675e1b9aca82f6fddd89d table_id=events previous=Lock next=Sync
[2026-08-05T11:59:43Z INFO  serverlib::engine::database::table] database entity status changed: kind=table entity_id=019fd1cb35c675e1b9aca82f6fddd89d table_id=events previous=Sync next=Ready
[2026-08-05T11:59:43Z INFO  server::core::mappings::query::core::mutation_ops] mutation diagnostics: table_write_guard table=events applied=true defer_finalize=false already_locked=false lock_ms=0 execute_ms=4 finalize_ms=0 total_ms=5
[2026-08-05T11:59:43Z INFO  serverlib::engine::database::table] database entity status changed: kind=table entity_id=019fd1cb35c675e1b9aca82f6fddd89d table_id=events previous=Ready next=Lock
[2026-08-05T11:59:43Z INFO  serverlib::engine::database::table] database entity status changed: kind=table entity_id=019fd1cb35c675e1b9aca82f6fddd89d table_id=events previous=Lock next=Sync
[2026-08-05T11:59:43Z INFO  serverlib::engine::database::table] database entity status changed: kind=table entity_id=019fd1cb35c675e1b9aca82f6fddd89d table_id=events previous=Sync next=Ready
[2026-08-05T11:59:43Z INFO  server::core::mappings::query::core::mutation_ops] mutation diagnostics: table_write_guard table=events applied=true defer_finalize=false already_locked=false lock_ms=0 execute_ms=2 finalize_ms=0 total_ms=3
[2026-08-05T11:59:43Z INFO  serverlib::engine::database::table] database entity status changed: kind=table entity_id=019fd1cb35c675e1b9aca82f6fddd89d table_id=events previous=Ready next=Lock
[2026-08-05T11:59:43Z INFO  serverlib::engine::database::table] database entity status changed: kind=table entity_id=019fd1cb35c675e1b9aca82f6fddd89d table_id=events previous=Lock next=Sync
[2026-08-05T11:59:43Z INFO  serverlib::engine::database::table] database entity status changed: kind=table entity_id=019fd1cb35c675e1b9aca82f6fddd89d table_id=events previous=Sync next=Ready
[2026-08-05T11:59:43Z INFO  server::core::mappings::query::core::mutation_ops] mutation diagnostics: table_write_guard table=events applied=true defer_finalize=false already_locked=false lock_ms=0 execute_ms=4 finalize_ms=0 total_ms=4
[2026-08-05T11:59:43Z INFO  serverlib::engine::database::table] database entity status changed: kind=table entity_id=019fd1cb35c675e1b9aca82f6fddd89d table_id=events previous=Ready next=Lock
[2026-08-05T11:59:43Z INFO  serverlib::engine::database::table] database entity status changed: kind=table entity_id=019fd1cb35c675e1b9aca82f6fddd89d table_id=events previous=Lock next=Sync
[2026-08-05T11:59:43Z INFO  serverlib::engine::database::table] database entity status changed: kind=table entity_id=019fd1cb35c675e1b9aca82f6fddd89d table_id=events previous=Sync next=Ready
[2026-08-05T11:59:43Z INFO  server::core::mappings::query::core::mutation_ops] mutation diagnostics: table_write_guard table=events applied=true defer_finalize=false already_locked=false lock_ms=0 execute_ms=4 finalize_ms=0 total_ms=4
[2026-08-05T11:59:43Z INFO  serverlib::engine::database::table] database entity status changed: kind=table entity_id=019fd1cb35c675e1b9aca82f6fddd89d table_id=events previous=Ready next=Lock
[2026-08-05T11:59:43Z INFO  serverlib::engine::database::table] database entity status changed: kind=table entity_id=019fd1cb35c675e1b9aca82f6fddd89d table_id=events previous=Lock next=Sync
[2026-08-05T11:59:43Z INFO  serverlib::engine::database::table] database entity status changed: kind=table entity_id=019fd1cb35c675e1b9aca82f6fddd89d table_id=events previous=Sync next=Ready
[2026-08-05T11:59:43Z INFO  server::core::mappings::query::core::mutation_ops] mutation diagnostics: table_write_guard table=events applied=true defer_finalize=false already_locked=false lock_ms=0 execute_ms=4 finalize_ms=0 total_ms=4
[2026-08-05T11:59:43Z INFO  serverlib::engine::database::table] database entity status changed: kind=table entity_id=019fd1cb35c675e1b9aca82f6fddd89d table_id=events previous=Ready next=Lock
[2026-08-05T11:59:43Z INFO  serverlib::engine::database::table] database entity status changed: kind=table entity_id=019fd1cb35c675e1b9aca82f6fddd89d table_id=events previous=Lock next=Sync
[2026-08-05T11:59:43Z INFO  serverlib::engine::database::table] database entity status changed: kind=table entity_id=019fd1cb35c675e1b9aca82f6fddd89d table_id=events previous=Sync next=Ready
[2026-08-05T11:59:43Z INFO  server::core::mappings::query::core::mutation_ops] mutation diagnostics: table_write_guard table=events applied=true defer_finalize=false already_locked=false lock_ms=0 execute_ms=4 finalize_ms=0 total_ms=4
[2026-08-05T11:59:43Z INFO  serverlib::engine::database::table] database entity status changed: kind=table entity_id=019fd1cb35c675e1b9aca82f6fddd89d table_id=events previous=Ready next=Lock
[2026-08-05T11:59:43Z INFO  serverlib::engine::database::table] database entity status changed: kind=table entity_id=019fd1cb35c675e1b9aca82f6fddd89d table_id=events previous=Lock next=Sync
[2026-08-05T11:59:43Z INFO  serverlib::engine::database::table] database entity status changed: kind=table entity_id=019fd1cb35c675e1b9aca82f6fddd89d table_id=events previous=Sync next=Ready
[2026-08-05T11:59:43Z INFO  serverlib::engine::database::table] database entity status changed: kind=table entity_id=019fd1cb35c675e1b9aca82f6fddd89d table_id=events previous=Ready next=Lock
[2026-08-05T11:59:43Z INFO  serverlib::engine::database::table] database entity status changed: kind=table entity_id=019fd1cb35c675e1b9aca82f6fddd89d table_id=events previous=Lock next=Sync
[2026-08-05T11:59:43Z INFO  serverlib::engine::database::table] database entity status changed: kind=table entity_id=019fd1cb35c675e1b9aca82f6fddd89d table_id=events previous=Sync next=Ready
[2026-08-05T11:59:43Z INFO  serverlib::engine::database::table] database entity status changed: kind=table entity_id=019fd1cb35c675e1b9aca82f6fddd89d table_id=events previous=Ready next=Lock
[2026-08-05T11:59:43Z INFO  serverlib::engine::database::table] database entity status changed: kind=table entity_id=019fd1cb35c675e1b9aca82f6fddd89d table_id=events previous=Lock next=Sync
[2026-08-05T11:59:43Z INFO  serverlib::engine::database::table] database entity status changed: kind=table entity_id=019fd1cb35c675e1b9aca82f6fddd89d table_id=events previous=Sync next=Ready
[2026-08-05T11:59:43Z INFO  serverlib::engine::database::table] database entity status changed: kind=table entity_id=019fd1cb35c675e1b9aca82f6fddd89d table_id=events previous=Ready next=Lock
[2026-08-05T11:59:43Z INFO  serverlib::engine::database::table] database entity status changed: kind=table entity_id=019fd1cb35c675e1b9aca82f6fddd89d table_id=events previous=Lock next=Sync
[2026-08-05T11:59:43Z INFO  serverlib::engine::database::table] database entity status changed: kind=table entity_id=019fd1cb35c675e1b9aca82f6fddd89d table_id=events previous=Sync next=Ready
[2026-08-05T11:59:43Z INFO  serverlib::engine::database::table] database entity status changed: kind=table entity_id=019fd1cb35c675e1b9aca82f6fddd89d table_id=events previous=Ready next=Lock
[2026-08-05T11:59:43Z INFO  serverlib::engine::database::table] database entity status changed: kind=table entity_id=019fd1cb35c675e1b9aca82f6fddd89d table_id=events previous=Lock next=Sync
[2026-08-05T11:59:43Z INFO  serverlib::engine::database::table] database entity status changed: kind=table entity_id=019fd1cb35c675e1b9aca82f6fddd89d table_id=events previous=Sync next=Ready
[2026-08-05T11:59:43Z INFO  serverlib::engine::database::table] database entity status changed: kind=table entity_id=019fd1cb35c675e1b9aca82f6fddd89d table_id=events previous=Ready next=Lock
[2026-08-05T11:59:43Z INFO  serverlib::engine::database::table] database entity status changed: kind=table entity_id=019fd1cb35c675e1b9aca82f6fddd89d table_id=events previous=Lock next=Sync
[2026-08-05T11:59:43Z INFO  serverlib::engine::database::table] database entity status changed: kind=table entity_id=019fd1cb35c675e1b9aca82f6fddd89d table_id=events previous=Sync next=Ready
[2026-08-05T11:59:43Z INFO  serverlib::engine::database::table] database entity status changed: kind=table entity_id=019fd1cb35c675e1b9aca82f6fddd89d table_id=events previous=Ready next=Lock
[2026-08-05T11:59:43Z INFO  serverlib::engine::database::table] database entity status changed: kind=table entity_id=019fd1cb35c675e1b9aca82f6fddd89d table_id=events previous=Lock next=Sync
[2026-08-05T11:59:43Z INFO  serverlib::engine::database::table] database entity status changed: kind=table entity_id=019fd1cb35c675e1b9aca82f6fddd89d table_id=events previous=Sync next=Ready
[2026-08-05T11:59:43Z INFO  serverlib::engine::database::table] database entity status changed: kind=table entity_id=019fd1cb35c675e1b9aca82f6fddd89d table_id=events previous=Ready next=Lock
[2026-08-05T11:59:43Z INFO  serverlib::engine::database::table] database entity status changed: kind=table entity_id=019fd1cb35c675e1b9aca82f6fddd89d table_id=events previous=Lock next=Sync
[2026-08-05T11:59:43Z INFO  serverlib::engine::database::table] database entity status changed: kind=table entity_id=019fd1cb35c675e1b9aca82f6fddd89d table_id=events previous=Sync next=Ready
[2026-08-05T11:59:43Z INFO  serverlib::engine::database::table] database entity status changed: kind=table entity_id=019fd1cb35c675e1b9aca82f6fddd89d table_id=events previous=Ready next=Lock
[2026-08-05T11:59:43Z INFO  serverlib::engine::database::table] database entity status changed: kind=table entity_id=019fd1cb35c675e1b9aca82f6fddd89d table_id=events previous=Lock next=Sync
[2026-08-05T11:59:43Z INFO  serverlib::engine::database::table] database entity status changed: kind=table entity_id=019fd1cb35c675e1b9aca82f6fddd89d table_id=events previous=Sync next=Ready
[2026-08-05T11:59:43Z INFO  serverlib::engine::database::table] database entity status changed: kind=table entity_id=019fd1cb35c675e1b9aca82f6fddd89d table_id=events previous=Ready next=Lock
[2026-08-05T11:59:43Z INFO  serverlib::engine::database::table] database entity status changed: kind=table entity_id=019fd1cb35c675e1b9aca82f6fddd89d table_id=events previous=Lock next=Sync
[2026-08-05T11:59:43Z INFO  serverlib::engine::database::table] database entity status changed: kind=table entity_id=019fd1cb35c675e1b9aca82f6fddd89d table_id=events previous=Sync next=Ready
[2026-08-05T11:59:43Z INFO  serverlib::engine::database::table] database entity status changed: kind=table entity_id=019fd1cb35c675e1b9aca82f6fddd89d table_id=events previous=Ready next=Lock
[2026-08-05T11:59:43Z INFO  serverlib::engine::database::table] database entity status changed: kind=table entity_id=019fd1cb35c675e1b9aca82f6fddd89d table_id=events previous=Lock next=Sync
[2026-08-05T11:59:43Z INFO  serverlib::engine::database::table] database entity status changed: kind=table entity_id=019fd1cb35c675e1b9aca82f6fddd89d table_id=events previous=Sync next=Ready
[2026-08-05T11:59:43Z INFO  serverlib::engine::database::table] database entity status changed: kind=table entity_id=019fd1cb35c675e1b9aca82f6fddd89d table_id=events previous=Ready next=Lock
[2026-08-05T11:59:43Z INFO  serverlib::engine::database::table] database entity status changed: kind=table entity_id=019fd1cb35c675e1b9aca82f6fddd89d table_id=events previous=Lock next=Sync
[2026-08-05T11:59:43Z INFO  serverlib::engine::database::table] database entity status changed: kind=table entity_id=019fd1cb35c675e1b9aca82f6fddd89d table_id=events previous=Sync next=Ready
[2026-08-05T11:59:43Z INFO  serverlib::engine::database::table] database entity status changed: kind=table entity_id=019fd1cb35c675e1b9aca82f6fddd89d table_id=events previous=Ready next=Lock
[2026-08-05T11:59:43Z INFO  serverlib::engine::database::table] database entity status changed: kind=table entity_id=019fd1cb35c675e1b9aca82f6fddd89d table_id=events previous=Lock next=Sync
[2026-08-05T11:59:43Z INFO  serverlib::engine::database::table] database entity status changed: kind=table entity_id=019fd1cb35c675e1b9aca82f6fddd89d table_id=events previous=Sync next=Ready
[2026-08-05T11:59:43Z INFO  serverlib::engine::database::table] database entity status changed: kind=table entity_id=019fd1cb35c675e1b9aca82f6fddd89d table_id=events previous=Ready next=Lock
[2026-08-05T11:59:43Z INFO  serverlib::engine::database::table] database entity status changed: kind=table entity_id=019fd1cb35c675e1b9aca82f6fddd89d table_id=events previous=Lock next=Sync
[2026-08-05T11:59:43Z INFO  serverlib::engine::database::table] database entity status changed: kind=table entity_id=019fd1cb35c675e1b9aca82f6fddd89d table_id=events previous=Sync next=Ready
[2026-08-05T11:59:43Z INFO  serverlib::engine::database::table] database entity status changed: kind=table entity_id=019fd1cb35c675e1b9aca82f6fddd89d table_id=events previous=Ready next=Lock
[2026-08-05T11:59:43Z INFO  serverlib::engine::database::table] database entity status changed: kind=table entity_id=019fd1cb35c675e1b9aca82f6fddd89d table_id=events previous=Lock next=Sync
[2026-08-05T11:59:43Z INFO  serverlib::engine::database::table] database entity status changed: kind=table entity_id=019fd1cb35c675e1b9aca82f6fddd89d table_id=events previous=Sync next=Ready
[2026-08-05T11:59:43Z INFO  serverlib::engine::database::table] database entity status changed: kind=table entity_id=019fd1cb35c675e1b9aca82f6fddd89d table_id=events previous=Ready next=Lock
[2026-08-05T11:59:43Z INFO  serverlib::engine::database::table] database entity status changed: kind=table entity_id=019fd1cb35c675e1b9aca82f6fddd89d table_id=events previous=Lock next=Sync
[2026-08-05T11:59:43Z INFO  serverlib::engine::database::table] database entity status changed: kind=table entity_id=019fd1cb35c675e1b9aca82f6fddd89d table_id=events previous=Sync next=Ready
[2026-08-05T11:59:43Z INFO  serverlib::engine::database::table] database entity status changed: kind=table entity_id=019fd1cb35c675e1b9aca82f6fddd89d table_id=events previous=Ready next=Lock
[2026-08-05T11:59:43Z INFO  serverlib::engine::database::table] database entity status changed: kind=table entity_id=019fd1cb35c675e1b9aca82f6fddd89d table_id=events previous=Lock next=Sync
[2026-08-05T11:59:43Z INFO  serverlib::engine::database::table] database entity status changed: kind=table entity_id=019fd1cb35c675e1b9aca82f6fddd89d table_id=events previous=Sync next=Ready
[2026-08-05T11:59:43Z INFO  serverlib::engine::database::table] database entity status changed: kind=table entity_id=019fd1cb35c675e1b9aca82f6fddd89d table_id=events previous=Ready next=Lock
[2026-08-05T11:59:43Z INFO  serverlib::engine::database::table] database entity status changed: kind=table entity_id=019fd1cb35c675e1b9aca82f6fddd89d table_id=events previous=Lock next=Sync
[2026-08-05T11:59:43Z INFO  serverlib::engine::database::table] database entity status changed: kind=table entity_id=019fd1cb35c675e1b9aca82f6fddd89d table_id=events previous=Sync next=Ready
[2026-08-05T11:59:43Z INFO  serverlib::engine::database::table] database entity status changed: kind=table entity_id=019fd1cb35c675e1b9aca82f6fddd89d table_id=events previous=Ready next=Lock
[2026-08-05T11:59:43Z INFO  serverlib::engine::database::table] database entity status changed: kind=table entity_id=019fd1cb35c675e1b9aca82f6fddd89d table_id=events previous=Lock next=Sync
[2026-08-05T11:59:43Z INFO  serverlib::engine::database::table] database entity status changed: kind=table entity_id=019fd1cb35c675e1b9aca82f6fddd89d table_id=events previous=Sync next=Ready
[2026-08-05T11:59:43Z INFO  serverlib::engine::database::table] database entity status changed: kind=table entity_id=019fd1cb35c675e1b9aca82f6fddd89d table_id=events previous=Ready next=Lock
[2026-08-05T11:59:43Z INFO  serverlib::engine::database::table] database entity status changed: kind=table entity_id=019fd1cb35c675e1b9aca82f6fddd89d table_id=events previous=Lock next=Sync
[2026-08-05T11:59:43Z INFO  serverlib::engine::database::table] database entity status changed: kind=table entity_id=019fd1cb35c675e1b9aca82f6fddd89d table_id=events previous=Sync next=Ready
[2026-08-05T11:59:43Z INFO  serverlib::engine::database::table] database entity status changed: kind=table entity_id=019fd1cb35c675e1b9aca82f6fddd89d table_id=events previous=Ready next=Lock
[2026-08-05T11:59:43Z INFO  serverlib::engine::database::table] database entity status changed: kind=table entity_id=019fd1cb35c675e1b9aca82f6fddd89d table_id=events previous=Lock next=Sync
[2026-08-05T11:59:43Z INFO  serverlib::engine::database::table] database entity status changed: kind=table entity_id=019fd1cb35c675e1b9aca82f6fddd89d table_id=events previous=Sync next=Ready
[2026-08-05T11:59:43Z INFO  serverlib::engine::database::table] database entity status changed: kind=table entity_id=019fd1cb35c675e1b9aca82f6fddd89d table_id=events previous=Ready next=Lock
[2026-08-05T11:59:43Z INFO  serverlib::engine::database::table] database entity status changed: kind=table entity_id=019fd1cb35c675e1b9aca82f6fddd89d table_id=events previous=Lock next=Sync
[2026-08-05T11:59:43Z INFO  serverlib::engine::database::table] database entity status changed: kind=table entity_id=019fd1cb35c675e1b9aca82f6fddd89d table_id=events previous=Sync next=Ready
[2026-08-05T11:59:43Z INFO  serverlib::engine::database::table] database entity status changed: kind=table entity_id=019fd1cb35c675e1b9aca82f6fddd89d table_id=events previous=Ready next=Lock
[2026-08-05T11:59:43Z INFO  serverlib::engine::database::table] database entity status changed: kind=table entity_id=019fd1cb35c675e1b9aca82f6fddd89d table_id=events previous=Lock next=Sync
[2026-08-05T11:59:43Z INFO  serverlib::engine::database::table] database entity status changed: kind=table entity_id=019fd1cb35c675e1b9aca82f6fddd89d table_id=events previous=Sync next=Ready
[2026-08-05T11:59:43Z INFO  serverlib::engine::database::table] database entity status changed: kind=table entity_id=019fd1cb35c675e1b9aca82f6fddd89d table_id=events previous=Ready next=Lock
[2026-08-05T11:59:43Z INFO  serverlib::engine::database::table] database entity status changed: kind=table entity_id=019fd1cb35c675e1b9aca82f6fddd89d table_id=events previous=Lock next=Sync
[2026-08-05T11:59:43Z INFO  serverlib::engine::database::table] database entity status changed: kind=table entity_id=019fd1cb35c675e1b9aca82f6fddd89d table_id=events previous=Sync next=Ready
[2026-08-05T11:59:43Z INFO  serverlib::engine::database::table] database entity status changed: kind=table entity_id=019fd1cb35c675e1b9aca82f6fddd89d table_id=events previous=Ready next=Lock
[2026-08-05T11:59:43Z INFO  serverlib::engine::database::table] database entity status changed: kind=table entity_id=019fd1cb35c675e1b9aca82f6fddd89d table_id=events previous=Lock next=Sync
[2026-08-05T11:59:43Z INFO  serverlib::engine::database::table] database entity status changed: kind=table entity_id=019fd1cb35c675e1b9aca82f6fddd89d table_id=events previous=Sync next=Ready
[2026-08-05T11:59:43Z INFO  serverlib::engine::database::table] database entity status changed: kind=table entity_id=019fd1cb35c675e1b9aca82f6fddd89d table_id=events previous=Ready next=Lock
[2026-08-05T11:59:43Z INFO  serverlib::engine::database::table] database entity status changed: kind=table entity_id=019fd1cb35c675e1b9aca82f6fddd89d table_id=events previous=Lock next=Sync
[2026-08-05T11:59:43Z INFO  serverlib::engine::database::table] database entity status changed: kind=table entity_id=019fd1cb35c675e1b9aca82f6fddd89d table_id=events previous=Sync next=Ready
[2026-08-05T11:59:43Z INFO  serverlib::engine::database::table] database entity status changed: kind=table entity_id=019fd1cb35c675e1b9aca82f6fddd89d table_id=events previous=Ready next=Lock
[2026-08-05T11:59:43Z INFO  serverlib::engine::database::table] database entity status changed: kind=table entity_id=019fd1cb35c675e1b9aca82f6fddd89d table_id=events previous=Lock next=Sync
[2026-08-05T11:59:43Z INFO  serverlib::engine::database::table] database entity status changed: kind=table entity_id=019fd1cb35c675e1b9aca82f6fddd89d table_id=events previous=Sync next=Ready
[2026-08-05T11:59:43Z INFO  serverlib::engine::database::table] database entity status changed: kind=table entity_id=019fd1cb35c675e1b9aca82f6fddd89d table_id=events previous=Ready next=Lock
[2026-08-05T11:59:43Z INFO  serverlib::engine::database::table] database entity status changed: kind=table entity_id=019fd1cb35c675e1b9aca82f6fddd89d table_id=events previous=Lock next=Sync
[2026-08-05T11:59:43Z INFO  serverlib::engine::database::table] database entity status changed: kind=table entity_id=019fd1cb35c675e1b9aca82f6fddd89d table_id=events previous=Sync next=Ready
[2026-08-05T11:59:43Z INFO  serverlib::engine::database::table] database entity status changed: kind=table entity_id=019fd1cb35c675e1b9aca82f6fddd89d table_id=events previous=Ready next=Lock
[2026-08-05T11:59:43Z INFO  serverlib::engine::database::table] database entity status changed: kind=table entity_id=019fd1cb35c675e1b9aca82f6fddd89d table_id=events previous=Lock next=Sync
[2026-08-05T11:59:43Z INFO  serverlib::engine::database::table] database entity status changed: kind=table entity_id=019fd1cb35c675e1b9aca82f6fddd89d table_id=events previous=Sync next=Ready
[2026-08-05T11:59:43Z INFO  serverlib::engine::database::table] database entity status changed: kind=table entity_id=019fd1cb35c675e1b9aca82f6fddd89d table_id=events previous=Ready next=Lock
[2026-08-05T11:59:43Z INFO  serverlib::engine::database::table] database entity status changed: kind=table entity_id=019fd1cb35c675e1b9aca82f6fddd89d table_id=events previous=Lock next=Sync
[2026-08-05T11:59:43Z INFO  serverlib::engine::database::table] database entity status changed: kind=table entity_id=019fd1cb35c675e1b9aca82f6fddd89d table_id=events previous=Sync next=Ready
[2026-08-05T11:59:43Z INFO  serverlib::engine::database::table] database entity status changed: kind=table entity_id=019fd1cb35c675e1b9aca82f6fddd89d table_id=events previous=Ready next=Lock
[2026-08-05T11:59:43Z INFO  serverlib::engine::database::table] database entity status changed: kind=table entity_id=019fd1cb35c675e1b9aca82f6fddd89d table_id=events previous=Lock next=Sync
[2026-08-05T11:59:43Z INFO  serverlib::engine::database::table] database entity status changed: kind=table entity_id=019fd1cb35c675e1b9aca82f6fddd89d table_id=events previous=Sync next=Ready
[2026-08-05T11:59:43Z INFO  serverlib::engine::database::table] database entity status changed: kind=table entity_id=019fd1cb35c675e1b9aca82f6fddd89d table_id=events previous=Ready next=Lock
[2026-08-05T11:59:43Z INFO  serverlib::engine::database::table] database entity status changed: kind=table entity_id=019fd1cb35c675e1b9aca82f6fddd89d table_id=events previous=Lock next=Sync
[2026-08-05T11:59:43Z INFO  serverlib::engine::database::table] database entity status changed: kind=table entity_id=019fd1cb35c675e1b9aca82f6fddd89d table_id=events previous=Sync next=Ready
[2026-08-05T11:59:43Z INFO  serverlib::engine::database::table] database entity status changed: kind=table entity_id=019fd1cb35c675e1b9aca82f6fddd89d table_id=events previous=Ready next=Lock
[2026-08-05T11:59:43Z INFO  serverlib::engine::database::table] database entity status changed: kind=table entity_id=019fd1cb35c675e1b9aca82f6fddd89d table_id=events previous=Lock next=Sync
[2026-08-05T11:59:43Z INFO  serverlib::engine::database::table] database entity status changed: kind=table entity_id=019fd1cb35c675e1b9aca82f6fddd89d table_id=events previous=Sync next=Ready
[2026-08-05T11:59:43Z INFO  serverlib::engine::database::table] database entity status changed: kind=table entity_id=019fd1cb35c675e1b9aca82f6fddd89d table_id=events previous=Ready next=Lock
[2026-08-05T11:59:43Z INFO  serverlib::engine::database::table] database entity status changed: kind=table entity_id=019fd1cb35c675e1b9aca82f6fddd89d table_id=events previous=Lock next=Sync
[2026-08-05T11:59:43Z INFO  serverlib::engine::database::table] database entity status changed: kind=table entity_id=019fd1cb35c675e1b9aca82f6fddd89d table_id=events previous=Sync next=Ready
[2026-08-05T11:59:43Z INFO  serverlib::engine::database::table] database entity status changed: kind=table entity_id=019fd1cb35c675e1b9aca82f6fddd89d table_id=events previous=Ready next=Lock
[2026-08-05T11:59:43Z INFO  serverlib::engine::database::table] database entity status changed: kind=table entity_id=019fd1cb35c675e1b9aca82f6fddd89d table_id=events previous=Lock next=Sync
[2026-08-05T11:59:43Z INFO  serverlib::engine::database::table] database entity status changed: kind=table entity_id=019fd1cb35c675e1b9aca82f6fddd89d table_id=events previous=Sync next=Ready
[2026-08-05T11:59:43Z INFO  serverlib::engine::database::table] database entity status changed: kind=table entity_id=019fd1cb35c675e1b9aca82f6fddd89d table_id=events previous=Ready next=Lock
[2026-08-05T11:59:43Z INFO  serverlib::engine::database::table] database entity status changed: kind=table entity_id=019fd1cb35c675e1b9aca82f6fddd89d table_id=events previous=Lock next=Sync
[2026-08-05T11:59:43Z INFO  serverlib::engine::database::table] database entity status changed: kind=table entity_id=019fd1cb35c675e1b9aca82f6fddd89d table_id=events previous=Sync next=Ready
[2026-08-05T11:59:43Z INFO  serverlib::engine::database::table] database entity status changed: kind=table entity_id=019fd1cb35c675e1b9aca82f6fddd89d table_id=events previous=Ready next=Lock
[2026-08-05T11:59:43Z INFO  serverlib::engine::database::table] database entity status changed: kind=table entity_id=019fd1cb35c675e1b9aca82f6fddd89d table_id=events previous=Lock next=Sync
[2026-08-05T11:59:43Z INFO  serverlib::engine::database::table] database entity status changed: kind=table entity_id=019fd1cb35c675e1b9aca82f6fddd89d table_id=events previous=Sync next=Ready
[2026-08-05T11:59:43Z INFO  serverlib::engine::database::table] database entity status changed: kind=table entity_id=019fd1cb35c675e1b9aca82f6fddd89d table_id=events previous=Ready next=Lock
[2026-08-05T11:59:43Z INFO  serverlib::engine::database::table] database entity status changed: kind=table entity_id=019fd1cb35c675e1b9aca82f6fddd89d table_id=events previous=Lock next=Sync
[2026-08-05T11:59:43Z INFO  serverlib::engine::database::table] database entity status changed: kind=table entity_id=019fd1cb35c675e1b9aca82f6fddd89d table_id=events previous=Sync next=Ready
[2026-08-05T11:59:43Z INFO  serverlib::engine::database::table] database entity status changed: kind=table entity_id=019fd1cb35c675e1b9aca82f6fddd89d table_id=events previous=Ready next=Lock
[2026-08-05T11:59:43Z INFO  serverlib::engine::database::table] database entity status changed: kind=table entity_id=019fd1cb35c675e1b9aca82f6fddd89d table_id=events previous=Lock next=Sync
[2026-08-05T11:59:43Z INFO  serverlib::engine::database::table] database entity status changed: kind=table entity_id=019fd1cb35c675e1b9aca82f6fddd89d table_id=events previous=Sync next=Ready
[2026-08-05T11:59:43Z INFO  serverlib::engine::database::table] database entity status changed: kind=table entity_id=019fd1cb35c675e1b9aca82f6fddd89d table_id=events previous=Ready next=Lock
[2026-08-05T11:59:43Z INFO  serverlib::engine::database::table] database entity status changed: kind=table entity_id=019fd1cb35c675e1b9aca82f6fddd89d table_id=events previous=Lock next=Sync
[2026-08-05T11:59:43Z INFO  serverlib::engine::database::table] database entity status changed: kind=table entity_id=019fd1cb35c675e1b9aca82f6fddd89d table_id=events previous=Sync next=Ready
[2026-08-05T11:59:43Z INFO  serverlib::engine::database::table] database entity status changed: kind=table entity_id=019fd1cb35c675e1b9aca82f6fddd89d table_id=events previous=Ready next=Lock
[2026-08-05T11:59:43Z INFO  serverlib::engine::database::table] database entity status changed: kind=table entity_id=019fd1cb35c675e1b9aca82f6fddd89d table_id=events previous=Lock next=Sync
[2026-08-05T11:59:43Z INFO  serverlib::engine::database::table] database entity status changed: kind=table entity_id=019fd1cb35c675e1b9aca82f6fddd89d table_id=events previous=Sync next=Ready
[2026-08-05T11:59:43Z INFO  serverlib::engine::database::table] database entity status changed: kind=table entity_id=019fd1cb35c675e1b9aca82f6fddd89d table_id=events previous=Ready next=Lock
[2026-08-05T11:59:43Z INFO  serverlib::engine::database::table] database entity status changed: kind=table entity_id=019fd1cb35c675e1b9aca82f6fddd89d table_id=events previous=Lock next=Sync
[2026-08-05T11:59:43Z INFO  serverlib::engine::database::table] database entity status changed: kind=table entity_id=019fd1cb35c675e1b9aca82f6fddd89d table_id=events previous=Sync next=Ready
[2026-08-05T11:59:43Z INFO  serverlib::engine::database::table] database entity status changed: kind=table entity_id=019fd1cb35c675e1b9aca82f6fddd89d table_id=events previous=Ready next=Lock
[2026-08-05T11:59:43Z INFO  serverlib::engine::database::table] database entity status changed: kind=table entity_id=019fd1cb35c675e1b9aca82f6fddd89d table_id=events previous=Lock next=Sync
[2026-08-05T11:59:43Z INFO  serverlib::engine::database::table] database entity status changed: kind=table entity_id=019fd1cb35c675e1b9aca82f6fddd89d table_id=events previous=Sync next=Ready
[2026-08-05T11:59:43Z INFO  serverlib::engine::database::table] database entity status changed: kind=table entity_id=019fd1cb35c675e1b9aca82f6fddd89d table_id=events previous=Ready next=Lock
[2026-08-05T11:59:43Z INFO  serverlib::engine::database::table] database entity status changed: kind=table entity_id=019fd1cb35c675e1b9aca82f6fddd89d table_id=events previous=Lock next=Sync
[2026-08-05T11:59:43Z INFO  serverlib::engine::database::table] database entity status changed: kind=table entity_id=019fd1cb35c675e1b9aca82f6fddd89d table_id=events previous=Sync next=Ready
[2026-08-05T11:59:43Z INFO  serverlib::engine::database::table] database entity status changed: kind=table entity_id=019fd1cb35c675e1b9aca82f6fddd89d table_id=events previous=Ready next=Lock
[2026-08-05T11:59:43Z INFO  serverlib::engine::database::table] database entity status changed: kind=table entity_id=019fd1cb35c675e1b9aca82f6fddd89d table_id=events previous=Lock next=Sync
[2026-08-05T11:59:43Z INFO  serverlib::engine::database::table] database entity status changed: kind=table entity_id=019fd1cb35c675e1b9aca82f6fddd89d table_id=events previous=Sync next=Ready
[2026-08-05T11:59:43Z INFO  serverlib::engine::database::table] database entity status changed: kind=table entity_id=019fd1cb35c675e1b9aca82f6fddd89d table_id=events previous=Ready next=Lock
[2026-08-05T11:59:43Z INFO  serverlib::engine::database::table] database entity status changed: kind=table entity_id=019fd1cb35c675e1b9aca82f6fddd89d table_id=events previous=Lock next=Sync
[2026-08-05T11:59:43Z INFO  serverlib::engine::database::table] database entity status changed: kind=table entity_id=019fd1cb35c675e1b9aca82f6fddd89d table_id=events previous=Sync next=Ready
[2026-08-05T11:59:43Z INFO  serverlib::engine::database::table] database entity status changed: kind=table entity_id=019fd1cb35c675e1b9aca82f6fddd89d table_id=events previous=Ready next=Lock
[2026-08-05T11:59:43Z INFO  serverlib::engine::database::table] database entity status changed: kind=table entity_id=019fd1cb35c675e1b9aca82f6fddd89d table_id=events previous=Lock next=Sync
[2026-08-05T11:59:43Z INFO  serverlib::engine::database::table] database entity status changed: kind=table entity_id=019fd1cb35c675e1b9aca82f6fddd89d table_id=events previous=Sync next=Ready
[2026-08-05T11:59:43Z INFO  serverlib::engine::database::table] database entity status changed: kind=table entity_id=019fd1cb35c675e1b9aca82f6fddd89d table_id=events previous=Ready next=Lock
[2026-08-05T11:59:43Z INFO  serverlib::engine::database::table] database entity status changed: kind=table entity_id=019fd1cb35c675e1b9aca82f6fddd89d table_id=events previous=Lock next=Sync
[2026-08-05T11:59:43Z INFO  serverlib::engine::database::table] database entity status changed: kind=table entity_id=019fd1cb35c675e1b9aca82f6fddd89d table_id=events previous=Sync next=Ready
[2026-08-05T11:59:43Z INFO  serverlib::engine::database::table] database entity status changed: kind=table entity_id=019fd1cb35c675e1b9aca82f6fddd89d table_id=events previous=Ready next=Lock
[2026-08-05T11:59:43Z INFO  serverlib::engine::database::table] database entity status changed: kind=table entity_id=019fd1cb35c675e1b9aca82f6fddd89d table_id=events previous=Lock next=Sync
[2026-08-05T11:59:43Z INFO  serverlib::engine::database::table] database entity status changed: kind=table entity_id=019fd1cb35c675e1b9aca82f6fddd89d table_id=events previous=Sync next=Ready
[2026-08-05T11:59:43Z INFO  serverlib::engine::database::table] database entity status changed: kind=table entity_id=019fd1cb35c675e1b9aca82f6fddd89d table_id=events previous=Ready next=Lock
[2026-08-05T11:59:43Z INFO  serverlib::engine::database::table] database entity status changed: kind=table entity_id=019fd1cb35c675e1b9aca82f6fddd89d table_id=events previous=Lock next=Sync
[2026-08-05T11:59:43Z INFO  serverlib::engine::database::table] database entity status changed: kind=table entity_id=019fd1cb35c675e1b9aca82f6fddd89d table_id=events previous=Sync next=Ready
[2026-08-05T11:59:43Z INFO  serverlib::engine::database::table] database entity status changed: kind=table entity_id=019fd1cb35c675e1b9aca82f6fddd89d table_id=events previous=Ready next=Lock
[2026-08-05T11:59:43Z INFO  serverlib::engine::database::table] database entity status changed: kind=table entity_id=019fd1cb35c675e1b9aca82f6fddd89d table_id=events previous=Lock next=Sync
[2026-08-05T11:59:43Z INFO  serverlib::engine::database::table] database entity status changed: kind=table entity_id=019fd1cb35c675e1b9aca82f6fddd89d table_id=events previous=Sync next=Ready
[2026-08-05T11:59:43Z INFO  serverlib::engine::database::table] database entity status changed: kind=table entity_id=019fd1cb35c675e1b9aca82f6fddd89d table_id=events previous=Ready next=Lock
[2026-08-05T11:59:43Z INFO  serverlib::engine::database::table] database entity status changed: kind=table entity_id=019fd1cb35c675e1b9aca82f6fddd89d table_id=events previous=Lock next=Sync
[2026-08-05T11:59:43Z INFO  serverlib::engine::database::table] database entity status changed: kind=table entity_id=019fd1cb35c675e1b9aca82f6fddd89d table_id=events previous=Sync next=Ready
[2026-08-05T11:59:43Z INFO  serverlib::engine::database::table] database entity status changed: kind=table entity_id=019fd1cb35c675e1b9aca82f6fddd89d table_id=events previous=Ready next=Lock
[2026-08-05T11:59:43Z INFO  serverlib::engine::database::table] database entity status changed: kind=table entity_id=019fd1cb35c675e1b9aca82f6fddd89d table_id=events previous=Lock next=Sync
[2026-08-05T11:59:43Z INFO  serverlib::engine::database::table] database entity status changed: kind=table entity_id=019fd1cb35c675e1b9aca82f6fddd89d table_id=events previous=Sync next=Ready
[2026-08-05T11:59:43Z INFO  serverlib::engine::database::table] database entity status changed: kind=table entity_id=019fd1cb35c675e1b9aca82f6fddd89d table_id=events previous=Ready next=Lock
[2026-08-05T11:59:43Z INFO  serverlib::engine::database::table] database entity status changed: kind=table entity_id=019fd1cb35c675e1b9aca82f6fddd89d table_id=events previous=Lock next=Sync
[2026-08-05T11:59:43Z INFO  serverlib::engine::database::table] database entity status changed: kind=table entity_id=019fd1cb35c675e1b9aca82f6fddd89d table_id=events previous=Sync next=Ready
[2026-08-05T11:59:43Z INFO  server::core::mappings::query::core::mutation_ops] mutation diagnostics: table_write_guard table=events applied=true defer_finalize=false already_locked=false lock_ms=0 execute_ms=4 finalize_ms=0 total_ms=5
[2026-08-05T11:59:43Z INFO  serverlib::engine::database::table] database entity status changed: kind=table entity_id=019fd1cb35c675e1b9aca82f6fddd89d table_id=events previous=Ready next=Lock
[2026-08-05T11:59:43Z INFO  serverlib::engine::database::table] database entity status changed: kind=table entity_id=019fd1cb35c675e1b9aca82f6fddd89d table_id=events previous=Lock next=Sync
[2026-08-05T11:59:43Z INFO  serverlib::engine::database::table] database entity status changed: kind=table entity_id=019fd1cb35c675e1b9aca82f6fddd89d table_id=events previous=Sync next=Ready
[2026-08-05T11:59:43Z INFO  serverlib::engine::database::table] database entity status changed: kind=table entity_id=019fd1cb35c675e1b9aca82f6fddd89d table_id=events previous=Ready next=Lock
[2026-08-05T11:59:43Z INFO  serverlib::engine::database::table] database entity status changed: kind=table entity_id=019fd1cb35c675e1b9aca82f6fddd89d table_id=events previous=Lock next=Sync
[2026-08-05T11:59:43Z INFO  serverlib::engine::database::table] database entity status changed: kind=table entity_id=019fd1cb35c675e1b9aca82f6fddd89d table_id=events previous=Sync next=Ready
[2026-08-05T11:59:43Z INFO  serverlib::engine::database::table] database entity status changed: kind=table entity_id=019fd1cb35c675e1b9aca82f6fddd89d table_id=events previous=Ready next=Lock
[2026-08-05T11:59:43Z INFO  serverlib::engine::database::table] database entity status changed: kind=table entity_id=019fd1cb35c675e1b9aca82f6fddd89d table_id=events previous=Lock next=Sync
[2026-08-05T11:59:43Z INFO  serverlib::engine::database::table] database entity status changed: kind=table entity_id=019fd1cb35c675e1b9aca82f6fddd89d table_id=events previous=Sync next=Ready
[2026-08-05T11:59:43Z INFO  serverlib::engine::database::table] database entity status changed: kind=table entity_id=019fd1cb35c675e1b9aca82f6fddd89d table_id=events previous=Ready next=Lock
[2026-08-05T11:59:43Z INFO  serverlib::engine::database::table] database entity status changed: kind=table entity_id=019fd1cb35c675e1b9aca82f6fddd89d table_id=events previous=Lock next=Sync
[2026-08-05T11:59:43Z INFO  serverlib::engine::database::table] database entity status changed: kind=table entity_id=019fd1cb35c675e1b9aca82f6fddd89d table_id=events previous=Sync next=Ready
[2026-08-05T11:59:43Z INFO  serverlib::engine::database::table] database entity status changed: kind=table entity_id=019fd1cb35c675e1b9aca82f6fddd89d table_id=events previous=Ready next=Lock
[2026-08-05T11:59:43Z INFO  serverlib::engine::database::table] database entity status changed: kind=table entity_id=019fd1cb35c675e1b9aca82f6fddd89d table_id=events previous=Lock next=Sync
[2026-08-05T11:59:43Z INFO  serverlib::engine::database::table] database entity status changed: kind=table entity_id=019fd1cb35c675e1b9aca82f6fddd89d table_id=events previous=Sync next=Ready
[2026-08-05T11:59:43Z INFO  serverlib::engine::database::table] database entity status changed: kind=table entity_id=019fd1cb35c675e1b9aca82f6fddd89d table_id=events previous=Ready next=Lock
[2026-08-05T11:59:43Z INFO  serverlib::engine::database::table] database entity status changed: kind=table entity_id=019fd1cb35c675e1b9aca82f6fddd89d table_id=events previous=Lock next=Sync
[2026-08-05T11:59:43Z INFO  serverlib::engine::database::table] database entity status changed: kind=table entity_id=019fd1cb35c675e1b9aca82f6fddd89d table_id=events previous=Sync next=Ready
[2026-08-05T11:59:43Z INFO  serverlib::engine::database::table] database entity status changed: kind=table entity_id=019fd1cb35c675e1b9aca82f6fddd89d table_id=events previous=Ready next=Lock
[2026-08-05T11:59:43Z INFO  serverlib::engine::database::table] database entity status changed: kind=table entity_id=019fd1cb35c675e1b9aca82f6fddd89d table_id=events previous=Lock next=Sync
[2026-08-05T11:59:43Z INFO  serverlib::engine::database::table] database entity status changed: kind=table entity_id=019fd1cb35c675e1b9aca82f6fddd89d table_id=events previous=Sync next=Ready
[2026-08-05T11:59:43Z INFO  serverlib::engine::database::table] database entity status changed: kind=table entity_id=019fd1cb35c675e1b9aca82f6fddd89d table_id=events previous=Ready next=Lock
[2026-08-05T11:59:43Z INFO  serverlib::engine::database::table] database entity status changed: kind=table entity_id=019fd1cb35c675e1b9aca82f6fddd89d table_id=events previous=Lock next=Sync
[2026-08-05T11:59:43Z INFO  serverlib::engine::database::table] database entity status changed: kind=table entity_id=019fd1cb35c675e1b9aca82f6fddd89d table_id=events previous=Sync next=Ready
[2026-08-05T11:59:43Z INFO  serverlib::engine::database::table] database entity status changed: kind=table entity_id=019fd1cb35c675e1b9aca82f6fddd89d table_id=events previous=Ready next=Lock
[2026-08-05T11:59:43Z INFO  serverlib::engine::database::table] database entity status changed: kind=table entity_id=019fd1cb35c675e1b9aca82f6fddd89d table_id=events previous=Lock next=Sync
[2026-08-05T11:59:43Z INFO  serverlib::engine::database::table] database entity status changed: kind=table entity_id=019fd1cb35c675e1b9aca82f6fddd89d table_id=events previous=Sync next=Ready
[2026-08-05T11:59:43Z INFO  serverlib::engine::database::table] database entity status changed: kind=table entity_id=019fd1cb35c675e1b9aca82f6fddd89d table_id=events previous=Ready next=Lock
[2026-08-05T11:59:43Z INFO  serverlib::engine::database::table] database entity status changed: kind=table entity_id=019fd1cb35c675e1b9aca82f6fddd89d table_id=events previous=Lock next=Sync
[2026-08-05T11:59:43Z INFO  serverlib::engine::database::table] database entity status changed: kind=table entity_id=019fd1cb35c675e1b9aca82f6fddd89d table_id=events previous=Sync next=Ready
[2026-08-05T11:59:43Z INFO  serverlib::engine::database::table] database entity status changed: kind=table entity_id=019fd1cb35c675e1b9aca82f6fddd89d table_id=events previous=Ready next=Lock
[2026-08-05T11:59:43Z INFO  serverlib::engine::database::table] database entity status changed: kind=table entity_id=019fd1cb35c675e1b9aca82f6fddd89d table_id=events previous=Lock next=Sync
[2026-08-05T11:59:43Z INFO  serverlib::engine::database::table] database entity status changed: kind=table entity_id=019fd1cb35c675e1b9aca82f6fddd89d table_id=events previous=Sync next=Ready
[2026-08-05T11:59:43Z INFO  serverlib::engine::database::table] database entity status changed: kind=table entity_id=019fd1cb35c675e1b9aca82f6fddd89d table_id=events previous=Ready next=Lock
[2026-08-05T11:59:43Z INFO  serverlib::engine::database::table] database entity status changed: kind=table entity_id=019fd1cb35c675e1b9aca82f6fddd89d table_id=events previous=Lock next=Sync
[2026-08-05T11:59:43Z INFO  serverlib::engine::database::table] database entity status changed: kind=table entity_id=019fd1cb35c675e1b9aca82f6fddd89d table_id=events previous=Sync next=Ready
[2026-08-05T11:59:43Z INFO  serverlib::engine::database::table] database entity status changed: kind=table entity_id=019fd1cb35c675e1b9aca82f6fddd89d table_id=events previous=Ready next=Lock
[2026-08-05T11:59:43Z INFO  serverlib::engine::database::table] database entity status changed: kind=table entity_id=019fd1cb35c675e1b9aca82f6fddd89d table_id=events previous=Lock next=Sync
[2026-08-05T11:59:43Z INFO  serverlib::engine::database::table] database entity status changed: kind=table entity_id=019fd1cb35c675e1b9aca82f6fddd89d table_id=events previous=Sync next=Ready
[2026-08-05T11:59:43Z INFO  serverlib::engine::database::table] database entity status changed: kind=table entity_id=019fd1cb35c675e1b9aca82f6fddd89d table_id=events previous=Ready next=Lock
[2026-08-05T11:59:43Z INFO  serverlib::engine::database::table] database entity status changed: kind=table entity_id=019fd1cb35c675e1b9aca82f6fddd89d table_id=events previous=Lock next=Sync
[2026-08-05T11:59:43Z INFO  serverlib::engine::database::table] database entity status changed: kind=table entity_id=019fd1cb35c675e1b9aca82f6fddd89d table_id=events previous=Sync next=Ready
[2026-08-05T11:59:43Z INFO  serverlib::engine::database::table] database entity status changed: kind=table entity_id=019fd1cb35c675e1b9aca82f6fddd89d table_id=events previous=Ready next=Lock
[2026-08-05T11:59:43Z INFO  serverlib::engine::database::table] database entity status changed: kind=table entity_id=019fd1cb35c675e1b9aca82f6fddd89d table_id=events previous=Lock next=Sync
[2026-08-05T11:59:43Z INFO  serverlib::engine::database::table] database entity status changed: kind=table entity_id=019fd1cb35c675e1b9aca82f6fddd89d table_id=events previous=Sync next=Ready
[2026-08-05T11:59:43Z INFO  serverlib::engine::database::table] database entity status changed: kind=table entity_id=019fd1cb35c675e1b9aca82f6fddd89d table_id=events previous=Ready next=Lock
[2026-08-05T11:59:44Z INFO  serverlib::engine::database::table] database entity status changed: kind=table entity_id=019fd1cb35c675e1b9aca82f6fddd89d table_id=events previous=Lock next=Sync
[2026-08-05T11:59:44Z INFO  serverlib::engine::database::table] database entity status changed: kind=table entity_id=019fd1cb35c675e1b9aca82f6fddd89d table_id=events previous=Sync next=Ready
[2026-08-05T11:59:44Z INFO  serverlib::engine::database::table] database entity status changed: kind=table entity_id=019fd1cb35c675e1b9aca82f6fddd89d table_id=events previous=Ready next=Lock
[2026-08-05T11:59:44Z INFO  serverlib::engine::database::table] database entity status changed: kind=table entity_id=019fd1cb35c675e1b9aca82f6fddd89d table_id=events previous=Lock next=Sync
[2026-08-05T11:59:44Z INFO  serverlib::engine::database::table] database entity status changed: kind=table entity_id=019fd1cb35c675e1b9aca82f6fddd89d table_id=events previous=Sync next=Ready
[2026-08-05T11:59:44Z INFO  serverlib::engine::database::table] database entity status changed: kind=table entity_id=019fd1cb35c675e1b9aca82f6fddd89d table_id=events previous=Ready next=Lock
[2026-08-05T11:59:44Z INFO  serverlib::engine::database::table] database entity status changed: kind=table entity_id=019fd1cb35c675e1b9aca82f6fddd89d table_id=events previous=Lock next=Sync
[2026-08-05T11:59:44Z INFO  serverlib::engine::database::table] database entity status changed: kind=table entity_id=019fd1cb35c675e1b9aca82f6fddd89d table_id=events previous=Sync next=Ready
[2026-08-05T11:59:44Z INFO  serverlib::engine::database::table] database entity status changed: kind=table entity_id=019fd1cb35c675e1b9aca82f6fddd89d table_id=events previous=Ready next=Lock
[2026-08-05T11:59:44Z INFO  serverlib::engine::database::table] database entity status changed: kind=table entity_id=019fd1cb35c675e1b9aca82f6fddd89d table_id=events previous=Lock next=Sync
[2026-08-05T11:59:44Z INFO  serverlib::engine::database::table] database entity status changed: kind=table entity_id=019fd1cb35c675e1b9aca82f6fddd89d table_id=events previous=Sync next=Ready
[2026-08-05T11:59:44Z INFO  serverlib::engine::database::table] database entity status changed: kind=table entity_id=019fd1cb35c675e1b9aca82f6fddd89d table_id=events previous=Ready next=Lock
[2026-08-05T11:59:44Z INFO  serverlib::engine::database::table] database entity status changed: kind=table entity_id=019fd1cb35c675e1b9aca82f6fddd89d table_id=events previous=Lock next=Sync
[2026-08-05T11:59:44Z INFO  serverlib::engine::database::table] database entity status changed: kind=table entity_id=019fd1cb35c675e1b9aca82f6fddd89d table_id=events previous=Sync next=Ready
[2026-08-05T11:59:44Z INFO  serverlib::engine::database::table] database entity status changed: kind=table entity_id=019fd1cb35c675e1b9aca82f6fddd89d table_id=events previous=Ready next=Lock
[2026-08-05T11:59:44Z INFO  serverlib::engine::database::table] database entity status changed: kind=table entity_id=019fd1cb35c675e1b9aca82f6fddd89d table_id=events previous=Lock next=Sync
[2026-08-05T11:59:44Z INFO  serverlib::engine::database::table] database entity status changed: kind=table entity_id=019fd1cb35c675e1b9aca82f6fddd89d table_id=events previous=Sync next=Ready
[2026-08-05T11:59:44Z INFO  serverlib::engine::database::table] database entity status changed: kind=table entity_id=019fd1cb35c675e1b9aca82f6fddd89d table_id=events previous=Ready next=Lock
[2026-08-05T11:59:44Z INFO  serverlib::engine::database::table] database entity status changed: kind=table entity_id=019fd1cb35c675e1b9aca82f6fddd89d table_id=events previous=Lock next=Sync
[2026-08-05T11:59:44Z INFO  serverlib::engine::database::table] database entity status changed: kind=table entity_id=019fd1cb35c675e1b9aca82f6fddd89d table_id=events previous=Sync next=Ready
[2026-08-05T11:59:44Z INFO  serverlib::engine::database::table] database entity status changed: kind=table entity_id=019fd1cb35c675e1b9aca82f6fddd89d table_id=events previous=Ready next=Lock
[2026-08-05T11:59:44Z INFO  serverlib::engine::database::table] database entity status changed: kind=table entity_id=019fd1cb35c675e1b9aca82f6fddd89d table_id=events previous=Lock next=Sync
[2026-08-05T11:59:44Z INFO  serverlib::engine::database::table] database entity status changed: kind=table entity_id=019fd1cb35c675e1b9aca82f6fddd89d table_id=events previous=Sync next=Ready
[2026-08-05T11:59:44Z INFO  serverlib::engine::database::table] database entity status changed: kind=table entity_id=019fd1cb35c675e1b9aca82f6fddd89d table_id=events previous=Ready next=Lock
[2026-08-05T11:59:44Z INFO  serverlib::engine::database::table] database entity status changed: kind=table entity_id=019fd1cb35c675e1b9aca82f6fddd89d table_id=events previous=Lock next=Sync
[2026-08-05T11:59:44Z INFO  serverlib::engine::database::table] database entity status changed: kind=table entity_id=019fd1cb35c675e1b9aca82f6fddd89d table_id=events previous=Sync next=Ready
[2026-08-05T11:59:44Z INFO  serverlib::engine::database::table] database entity status changed: kind=table entity_id=019fd1cb35c675e1b9aca82f6fddd89d table_id=events previous=Ready next=Lock
[2026-08-05T11:59:44Z INFO  serverlib::engine::database::table] database entity status changed: kind=table entity_id=019fd1cb35c675e1b9aca82f6fddd89d table_id=events previous=Lock next=Sync
[2026-08-05T11:59:44Z INFO  serverlib::engine::database::table] database entity status changed: kind=table entity_id=019fd1cb35c675e1b9aca82f6fddd89d table_id=events previous=Sync next=Ready
[2026-08-05T11:59:44Z INFO  serverlib::engine::database::table] database entity status changed: kind=table entity_id=019fd1cb35c675e1b9aca82f6fddd89d table_id=events previous=Ready next=Lock
[2026-08-05T11:59:44Z INFO  serverlib::engine::database::table] database entity status changed: kind=table entity_id=019fd1cb35c675e1b9aca82f6fddd89d table_id=events previous=Lock next=Sync
[2026-08-05T11:59:44Z INFO  serverlib::engine::database::table] database entity status changed: kind=table entity_id=019fd1cb35c675e1b9aca82f6fddd89d table_id=events previous=Sync next=Ready
[2026-08-05T11:59:44Z INFO  serverlib::engine::database::table] database entity status changed: kind=table entity_id=019fd1cb35c675e1b9aca82f6fddd89d table_id=events previous=Ready next=Lock
[2026-08-05T11:59:44Z INFO  serverlib::engine::database::table] database entity status changed: kind=table entity_id=019fd1cb35c675e1b9aca82f6fddd89d table_id=events previous=Lock next=Sync
[2026-08-05T11:59:44Z INFO  serverlib::engine::database::table] database entity status changed: kind=table entity_id=019fd1cb35c675e1b9aca82f6fddd89d table_id=events previous=Sync next=Ready
[2026-08-05T11:59:44Z INFO  serverlib::engine::database::table] database entity status changed: kind=table entity_id=019fd1cb35c675e1b9aca82f6fddd89d table_id=events previous=Ready next=Lock
[2026-08-05T11:59:44Z INFO  serverlib::engine::database::table] database entity status changed: kind=table entity_id=019fd1cb35c675e1b9aca82f6fddd89d table_id=events previous=Lock next=Sync
[2026-08-05T11:59:44Z INFO  serverlib::engine::database::table] database entity status changed: kind=table entity_id=019fd1cb35c675e1b9aca82f6fddd89d table_id=events previous=Sync next=Ready
[2026-08-05T11:59:44Z INFO  serverlib::engine::database::table] database entity status changed: kind=table entity_id=019fd1cb35c675e1b9aca82f6fddd89d table_id=events previous=Ready next=Lock
[2026-08-05T11:59:44Z INFO  serverlib::engine::database::table] database entity status changed: kind=table entity_id=019fd1cb35c675e1b9aca82f6fddd89d table_id=events previous=Lock next=Sync
[2026-08-05T11:59:44Z INFO  serverlib::engine::database::table] database entity status changed: kind=table entity_id=019fd1cb35c675e1b9aca82f6fddd89d table_id=events previous=Sync next=Ready
[2026-08-05T11:59:44Z INFO  serverlib::engine::database::table] database entity status changed: kind=table entity_id=019fd1cb35c675e1b9aca82f6fddd89d table_id=events previous=Ready next=Lock
[2026-08-05T11:59:44Z INFO  serverlib::engine::database::table] database entity status changed: kind=table entity_id=019fd1cb35c675e1b9aca82f6fddd89d table_id=events previous=Lock next=Sync
[2026-08-05T11:59:44Z INFO  serverlib::engine::database::table] database entity status changed: kind=table entity_id=019fd1cb35c675e1b9aca82f6fddd89d table_id=events previous=Sync next=Ready
[2026-08-05T11:59:44Z INFO  serverlib::engine::database::table] database entity status changed: kind=table entity_id=019fd1cb35c675e1b9aca82f6fddd89d table_id=events previous=Ready next=Lock
[2026-08-05T11:59:44Z INFO  serverlib::engine::database::table] database entity status changed: kind=table entity_id=019fd1cb35c675e1b9aca82f6fddd89d table_id=events previous=Lock next=Sync
[2026-08-05T11:59:44Z INFO  serverlib::engine::database::table] database entity status changed: kind=table entity_id=019fd1cb35c675e1b9aca82f6fddd89d table_id=events previous=Sync next=Ready
[2026-08-05T11:59:44Z INFO  serverlib::engine::database::table] database entity status changed: kind=table entity_id=019fd1cb35c675e1b9aca82f6fddd89d table_id=events previous=Ready next=Lock
[2026-08-05T11:59:44Z INFO  serverlib::engine::database::table] database entity status changed: kind=table entity_id=019fd1cb35c675e1b9aca82f6fddd89d table_id=events previous=Lock next=Sync
[2026-08-05T11:59:44Z INFO  serverlib::engine::database::table] database entity status changed: kind=table entity_id=019fd1cb35c675e1b9aca82f6fddd89d table_id=events previous=Sync next=Ready
[2026-08-05T11:59:44Z INFO  serverlib::engine::database::table] database entity status changed: kind=table entity_id=019fd1cb35c675e1b9aca82f6fddd89d table_id=events previous=Ready next=Lock
[2026-08-05T11:59:44Z INFO  serverlib::engine::database::table] database entity status changed: kind=table entity_id=019fd1cb35c675e1b9aca82f6fddd89d table_id=events previous=Lock next=Sync
[2026-08-05T11:59:44Z INFO  serverlib::engine::database::table] database entity status changed: kind=table entity_id=019fd1cb35c675e1b9aca82f6fddd89d table_id=events previous=Sync next=Ready
[2026-08-05T11:59:44Z INFO  serverlib::engine::database::table] database entity status changed: kind=table entity_id=019fd1cb35c675e1b9aca82f6fddd89d table_id=events previous=Ready next=Lock
[2026-08-05T11:59:44Z INFO  serverlib::engine::database::table] database entity status changed: kind=table entity_id=019fd1cb35c675e1b9aca82f6fddd89d table_id=events previous=Lock next=Sync
[2026-08-05T11:59:44Z INFO  serverlib::engine::database::table] database entity status changed: kind=table entity_id=019fd1cb35c675e1b9aca82f6fddd89d table_id=events previous=Sync next=Ready
[2026-08-05T11:59:44Z INFO  serverlib::engine::database::table] database entity status changed: kind=table entity_id=019fd1cb35c675e1b9aca82f6fddd89d table_id=events previous=Ready next=Lock
[2026-08-05T11:59:44Z INFO  serverlib::engine::database::table] database entity status changed: kind=table entity_id=019fd1cb35c675e1b9aca82f6fddd89d table_id=events previous=Lock next=Sync
[2026-08-05T11:59:44Z INFO  serverlib::engine::database::table] database entity status changed: kind=table entity_id=019fd1cb35c675e1b9aca82f6fddd89d table_id=events previous=Sync next=Ready
[2026-08-05T11:59:44Z INFO  serverlib::engine::database::table] database entity status changed: kind=table entity_id=019fd1cb35c675e1b9aca82f6fddd89d table_id=events previous=Ready next=Lock
[2026-08-05T11:59:44Z INFO  serverlib::engine::database::table] database entity status changed: kind=table entity_id=019fd1cb35c675e1b9aca82f6fddd89d table_id=events previous=Lock next=Sync
[2026-08-05T11:59:44Z INFO  serverlib::engine::database::table] database entity status changed: kind=table entity_id=019fd1cb35c675e1b9aca82f6fddd89d table_id=events previous=Sync next=Ready
[2026-08-05T11:59:44Z INFO  serverlib::engine::database::table] database entity status changed: kind=table entity_id=019fd1cb35c675e1b9aca82f6fddd89d table_id=events previous=Ready next=Lock
[2026-08-05T11:59:44Z INFO  serverlib::engine::database::table] database entity status changed: kind=table entity_id=019fd1cb35c675e1b9aca82f6fddd89d table_id=events previous=Lock next=Sync
[2026-08-05T11:59:44Z INFO  serverlib::engine::database::table] database entity status changed: kind=table entity_id=019fd1cb35c675e1b9aca82f6fddd89d table_id=events previous=Sync next=Ready
[2026-08-05T11:59:44Z INFO  serverlib::engine::database::table] database entity status changed: kind=table entity_id=019fd1cb35c675e1b9aca82f6fddd89d table_id=events previous=Ready next=Lock
[2026-08-05T11:59:44Z INFO  serverlib::engine::database::table] database entity status changed: kind=table entity_id=019fd1cb35c675e1b9aca82f6fddd89d table_id=events previous=Lock next=Sync
[2026-08-05T11:59:44Z INFO  serverlib::engine::database::table] database entity status changed: kind=table entity_id=019fd1cb35c675e1b9aca82f6fddd89d table_id=events previous=Sync next=Ready
[2026-08-05T11:59:44Z INFO  serverlib::engine::database::table] database entity status changed: kind=table entity_id=019fd1cb35c675e1b9aca82f6fddd89d table_id=events previous=Ready next=Lock
[2026-08-05T11:59:44Z INFO  serverlib::engine::database::table] database entity status changed: kind=table entity_id=019fd1cb35c675e1b9aca82f6fddd89d table_id=events previous=Lock next=Sync
[2026-08-05T11:59:44Z INFO  serverlib::engine::database::table] database entity status changed: kind=table entity_id=019fd1cb35c675e1b9aca82f6fddd89d table_id=events previous=Sync next=Ready
[2026-08-05T11:59:44Z INFO  serverlib::engine::database::table] database entity status changed: kind=table entity_id=019fd1cb35c675e1b9aca82f6fddd89d table_id=events previous=Ready next=Lock
[2026-08-05T11:59:44Z INFO  serverlib::engine::database::table] database entity status changed: kind=table entity_id=019fd1cb35c675e1b9aca82f6fddd89d table_id=events previous=Lock next=Sync
[2026-08-05T11:59:44Z INFO  serverlib::engine::database::table] database entity status changed: kind=table entity_id=019fd1cb35c675e1b9aca82f6fddd89d table_id=events previous=Sync next=Ready
[2026-08-05T11:59:44Z INFO  serverlib::engine::database::table] database entity status changed: kind=table entity_id=019fd1cb35c675e1b9aca82f6fddd89d table_id=events previous=Ready next=Lock
[2026-08-05T11:59:44Z INFO  serverlib::engine::database::table] database entity status changed: kind=table entity_id=019fd1cb35c675e1b9aca82f6fddd89d table_id=events previous=Lock next=Sync
[2026-08-05T11:59:44Z INFO  serverlib::engine::database::table] database entity status changed: kind=table entity_id=019fd1cb35c675e1b9aca82f6fddd89d table_id=events previous=Sync next=Ready
[2026-08-05T11:59:44Z INFO  serverlib::engine::database::table] database entity status changed: kind=table entity_id=019fd1cb35c675e1b9aca82f6fddd89d table_id=events previous=Ready next=Lock
[2026-08-05T11:59:44Z INFO  serverlib::engine::database::table] database entity status changed: kind=table entity_id=019fd1cb35c675e1b9aca82f6fddd89d table_id=events previous=Lock next=Sync
[2026-08-05T11:59:44Z INFO  serverlib::engine::database::table] database entity status changed: kind=table entity_id=019fd1cb35c675e1b9aca82f6fddd89d table_id=events previous=Sync next=Ready
[2026-08-05T11:59:44Z INFO  serverlib::engine::database::table] database entity status changed: kind=table entity_id=019fd1cb35c675e1b9aca82f6fddd89d table_id=events previous=Ready next=Lock
[2026-08-05T11:59:44Z INFO  serverlib::engine::database::table] database entity status changed: kind=table entity_id=019fd1cb35c675e1b9aca82f6fddd89d table_id=events previous=Lock next=Sync
[2026-08-05T11:59:44Z INFO  serverlib::engine::database::table] database entity status changed: kind=table entity_id=019fd1cb35c675e1b9aca82f6fddd89d table_id=events previous=Sync next=Ready
[2026-08-05T11:59:44Z INFO  serverlib::engine::database::table] database entity status changed: kind=table entity_id=019fd1cb35c675e1b9aca82f6fddd89d table_id=events previous=Ready next=Lock
[2026-08-05T11:59:44Z INFO  serverlib::engine::database::table] database entity status changed: kind=table entity_id=019fd1cb35c675e1b9aca82f6fddd89d table_id=events previous=Lock next=Sync
[2026-08-05T11:59:44Z INFO  serverlib::engine::database::table] database entity status changed: kind=table entity_id=019fd1cb35c675e1b9aca82f6fddd89d table_id=events previous=Sync next=Ready
[2026-08-05T11:59:44Z INFO  serverlib::engine::database::table] database entity status changed: kind=table entity_id=019fd1cb35c675e1b9aca82f6fddd89d table_id=events previous=Ready next=Lock
[2026-08-05T11:59:44Z INFO  serverlib::engine::database::table] database entity status changed: kind=table entity_id=019fd1cb35c675e1b9aca82f6fddd89d table_id=events previous=Lock next=Sync
[2026-08-05T11:59:44Z INFO  serverlib::engine::database::table] database entity status changed: kind=table entity_id=019fd1cb35c675e1b9aca82f6fddd89d table_id=events previous=Sync next=Ready
[2026-08-05T11:59:44Z INFO  serverlib::engine::database::table] database entity status changed: kind=table entity_id=019fd1cb35c675e1b9aca82f6fddd89d table_id=events previous=Ready next=Lock
[2026-08-05T11:59:44Z INFO  serverlib::engine::database::table] database entity status changed: kind=table entity_id=019fd1cb35c675e1b9aca82f6fddd89d table_id=events previous=Lock next=Sync
[2026-08-05T11:59:44Z INFO  serverlib::engine::database::table] database entity status changed: kind=table entity_id=019fd1cb35c675e1b9aca82f6fddd89d table_id=events previous=Sync next=Ready
[2026-08-05T11:59:44Z INFO  serverlib::engine::database::table] database entity status changed: kind=table entity_id=019fd1cb35c675e1b9aca82f6fddd89d table_id=events previous=Ready next=Lock
[2026-08-05T11:59:44Z INFO  serverlib::engine::database::table] database entity status changed: kind=table entity_id=019fd1cb35c675e1b9aca82f6fddd89d table_id=events previous=Lock next=Sync
[2026-08-05T11:59:44Z INFO  serverlib::engine::database::table] database entity status changed: kind=table entity_id=019fd1cb35c675e1b9aca82f6fddd89d table_id=events previous=Sync next=Ready
[2026-08-05T11:59:44Z INFO  serverlib::engine::database::table] database entity status changed: kind=table entity_id=019fd1cb35c675e1b9aca82f6fddd89d table_id=events previous=Ready next=Lock
[2026-08-05T11:59:44Z INFO  serverlib::engine::database::table] database entity status changed: kind=table entity_id=019fd1cb35c675e1b9aca82f6fddd89d table_id=events previous=Lock next=Sync
[2026-08-05T11:59:44Z INFO  serverlib::engine::database::table] database entity status changed: kind=table entity_id=019fd1cb35c675e1b9aca82f6fddd89d table_id=events previous=Sync next=Ready
[2026-08-05T11:59:44Z INFO  serverlib::engine::database::table] database entity status changed: kind=table entity_id=019fd1cb35c675e1b9aca82f6fddd89d table_id=events previous=Ready next=Lock
[2026-08-05T11:59:44Z INFO  serverlib::engine::database::table] database entity status changed: kind=table entity_id=019fd1cb35c675e1b9aca82f6fddd89d table_id=events previous=Lock next=Sync
[2026-08-05T11:59:44Z INFO  serverlib::engine::database::table] database entity status changed: kind=table entity_id=019fd1cb35c675e1b9aca82f6fddd89d table_id=events previous=Sync next=Ready
[2026-08-05T11:59:44Z INFO  serverlib::engine::database::table] database entity status changed: kind=table entity_id=019fd1cb35c675e1b9aca82f6fddd89d table_id=events previous=Ready next=Lock
[2026-08-05T11:59:44Z INFO  serverlib::engine::database::table] database entity status changed: kind=table entity_id=019fd1cb35c675e1b9aca82f6fddd89d table_id=events previous=Lock next=Sync
[2026-08-05T11:59:44Z INFO  serverlib::engine::database::table] database entity status changed: kind=table entity_id=019fd1cb35c675e1b9aca82f6fddd89d table_id=events previous=Sync next=Ready
[2026-08-05T11:59:44Z INFO  serverlib::engine::database::table] database entity status changed: kind=table entity_id=019fd1cb35c675e1b9aca82f6fddd89d table_id=events previous=Ready next=Lock
[2026-08-05T11:59:44Z INFO  serverlib::engine::database::table] database entity status changed: kind=table entity_id=019fd1cb35c675e1b9aca82f6fddd89d table_id=events previous=Lock next=Sync
[2026-08-05T11:59:44Z INFO  serverlib::engine::database::table] database entity status changed: kind=table entity_id=019fd1cb35c675e1b9aca82f6fddd89d table_id=events previous=Sync next=Ready
[2026-08-05T11:59:44Z INFO  serverlib::engine::database::table] database entity status changed: kind=table entity_id=019fd1cb35c675e1b9aca82f6fddd89d table_id=events previous=Ready next=Lock
[2026-08-05T11:59:44Z INFO  serverlib::engine::database::table] database entity status changed: kind=table entity_id=019fd1cb35c675e1b9aca82f6fddd89d table_id=events previous=Lock next=Sync
[2026-08-05T11:59:44Z INFO  serverlib::engine::database::table] database entity status changed: kind=table entity_id=019fd1cb35c675e1b9aca82f6fddd89d table_id=events previous=Sync next=Ready
[2026-08-05T11:59:44Z INFO  serverlib::engine::database::table] database entity status changed: kind=table entity_id=019fd1cb35c675e1b9aca82f6fddd89d table_id=events previous=Ready next=Lock
[2026-08-05T11:59:44Z INFO  serverlib::engine::database::table] database entity status changed: kind=table entity_id=019fd1cb35c675e1b9aca82f6fddd89d table_id=events previous=Lock next=Sync
[2026-08-05T11:59:44Z INFO  serverlib::engine::database::table] database entity status changed: kind=table entity_id=019fd1cb35c675e1b9aca82f6fddd89d table_id=events previous=Sync next=Ready
[2026-08-05T11:59:44Z INFO  serverlib::engine::database::table] database entity status changed: kind=table entity_id=019fd1cb35c675e1b9aca82f6fddd89d table_id=events previous=Ready next=Lock
[2026-08-05T11:59:44Z INFO  serverlib::engine::database::table] database entity status changed: kind=table entity_id=019fd1cb35c675e1b9aca82f6fddd89d table_id=events previous=Lock next=Sync
[2026-08-05T11:59:44Z INFO  serverlib::engine::database::table] database entity status changed: kind=table entity_id=019fd1cb35c675e1b9aca82f6fddd89d table_id=events previous=Sync next=Ready
[2026-08-05T11:59:44Z INFO  serverlib::engine::database::table] database entity status changed: kind=table entity_id=019fd1cb35c675e1b9aca82f6fddd89d table_id=events previous=Ready next=Lock
[2026-08-05T11:59:44Z INFO  serverlib::engine::database::table] database entity status changed: kind=table entity_id=019fd1cb35c675e1b9aca82f6fddd89d table_id=events previous=Lock next=Sync
[2026-08-05T11:59:44Z INFO  serverlib::engine::database::table] database entity status changed: kind=table entity_id=019fd1cb35c675e1b9aca82f6fddd89d table_id=events previous=Sync next=Ready
[2026-08-05T11:59:44Z INFO  serverlib::engine::database::table] database entity status changed: kind=table entity_id=019fd1cb35c675e1b9aca82f6fddd89d table_id=events previous=Ready next=Lock
[2026-08-05T11:59:44Z INFO  serverlib::engine::database::table] database entity status changed: kind=table entity_id=019fd1cb35c675e1b9aca82f6fddd89d table_id=events previous=Lock next=Sync
[2026-08-05T11:59:44Z INFO  serverlib::engine::database::table] database entity status changed: kind=table entity_id=019fd1cb35c675e1b9aca82f6fddd89d table_id=events previous=Sync next=Ready
[2026-08-05T11:59:44Z INFO  serverlib::engine::database::table] database entity status changed: kind=table entity_id=019fd1cb35c675e1b9aca82f6fddd89d table_id=events previous=Ready next=Lock
[2026-08-05T11:59:44Z INFO  serverlib::engine::database::table] database entity status changed: kind=table entity_id=019fd1cb35c675e1b9aca82f6fddd89d table_id=events previous=Lock next=Sync
[2026-08-05T11:59:44Z INFO  serverlib::engine::database::table] database entity status changed: kind=table entity_id=019fd1cb35c675e1b9aca82f6fddd89d table_id=events previous=Sync next=Ready
[2026-08-05T11:59:44Z INFO  serverlib::engine::database::table] database entity status changed: kind=table entity_id=019fd1cb35c675e1b9aca82f6fddd89d table_id=events previous=Ready next=Lock
[2026-08-05T11:59:44Z INFO  serverlib::engine::database::table] database entity status changed: kind=table entity_id=019fd1cb35c675e1b9aca82f6fddd89d table_id=events previous=Lock next=Sync
[2026-08-05T11:59:44Z INFO  serverlib::engine::database::table] database entity status changed: kind=table entity_id=019fd1cb35c675e1b9aca82f6fddd89d table_id=events previous=Sync next=Ready
[2026-08-05T11:59:44Z INFO  serverlib::engine::database::table] database entity status changed: kind=table entity_id=019fd1cb35c675e1b9aca82f6fddd89d table_id=events previous=Ready next=Lock
[2026-08-05T11:59:44Z INFO  serverlib::engine::database::table] database entity status changed: kind=table entity_id=019fd1cb35c675e1b9aca82f6fddd89d table_id=events previous=Lock next=Sync
[2026-08-05T11:59:44Z INFO  serverlib::engine::database::table] database entity status changed: kind=table entity_id=019fd1cb35c675e1b9aca82f6fddd89d table_id=events previous=Sync next=Ready
[2026-08-05T11:59:44Z INFO  serverlib::engine::database::table] database entity status changed: kind=table entity_id=019fd1cb35c675e1b9aca82f6fddd89d table_id=events previous=Ready next=Lock
[2026-08-05T11:59:44Z INFO  serverlib::engine::database::table] database entity status changed: kind=table entity_id=019fd1cb35c675e1b9aca82f6fddd89d table_id=events previous=Lock next=Sync
[2026-08-05T11:59:44Z INFO  serverlib::engine::database::table] database entity status changed: kind=table entity_id=019fd1cb35c675e1b9aca82f6fddd89d table_id=events previous=Sync next=Ready
[2026-08-05T11:59:44Z INFO  serverlib::engine::database::table] database entity status changed: kind=table entity_id=019fd1cb35c675e1b9aca82f6fddd89d table_id=events previous=Ready next=Lock
[2026-08-05T11:59:44Z INFO  serverlib::engine::database::table] database entity status changed: kind=table entity_id=019fd1cb35c675e1b9aca82f6fddd89d table_id=events previous=Lock next=Sync
[2026-08-05T11:59:44Z INFO  serverlib::engine::database::table] database entity status changed: kind=table entity_id=019fd1cb35c675e1b9aca82f6fddd89d table_id=events previous=Sync next=Ready
[2026-08-05T11:59:44Z INFO  serverlib::engine::database::table] database entity status changed: kind=table entity_id=019fd1cb35c675e1b9aca82f6fddd89d table_id=events previous=Ready next=Lock
[2026-08-05T11:59:44Z INFO  serverlib::engine::database::table] database entity status changed: kind=table entity_id=019fd1cb35c675e1b9aca82f6fddd89d table_id=events previous=Lock next=Sync
[2026-08-05T11:59:44Z INFO  serverlib::engine::database::table] database entity status changed: kind=table entity_id=019fd1cb35c675e1b9aca82f6fddd89d table_id=events previous=Sync next=Ready
[2026-08-05T11:59:44Z INFO  serverlib::engine::database::table] database entity status changed: kind=table entity_id=019fd1cb35c675e1b9aca82f6fddd89d table_id=events previous=Ready next=Lock
[2026-08-05T11:59:44Z INFO  serverlib::engine::database::table] database entity status changed: kind=table entity_id=019fd1cb35c675e1b9aca82f6fddd89d table_id=events previous=Lock next=Sync
[2026-08-05T11:59:44Z INFO  serverlib::engine::database::table] database entity status changed: kind=table entity_id=019fd1cb35c675e1b9aca82f6fddd89d table_id=events previous=Sync next=Ready
[2026-08-05T11:59:44Z INFO  serverlib::engine::database::table] database entity status changed: kind=table entity_id=019fd1cb35c675e1b9aca82f6fddd89d table_id=events previous=Ready next=Lock
[2026-08-05T11:59:44Z INFO  serverlib::engine::database::table] database entity status changed: kind=table entity_id=019fd1cb35c675e1b9aca82f6fddd89d table_id=events previous=Lock next=Sync
[2026-08-05T11:59:44Z INFO  serverlib::engine::database::table] database entity status changed: kind=table entity_id=019fd1cb35c675e1b9aca82f6fddd89d table_id=events previous=Sync next=Ready
[2026-08-05T11:59:44Z INFO  server::core::mappings::query::core::mutation_ops] mutation diagnostics: table_write_guard table=events applied=true defer_finalize=false already_locked=false lock_ms=0 execute_ms=3 finalize_ms=0 total_ms=3
[2026-08-05T11:59:44Z INFO  serverlib::engine::database::table] database entity status changed: kind=table entity_id=019fd1cb35c675e1b9aca82f6fddd89d table_id=events previous=Ready next=Lock
[2026-08-05T11:59:44Z INFO  serverlib::engine::database::table] database entity status changed: kind=table entity_id=019fd1cb35c675e1b9aca82f6fddd89d table_id=events previous=Lock next=Sync
[2026-08-05T11:59:44Z INFO  serverlib::engine::database::table] database entity status changed: kind=table entity_id=019fd1cb35c675e1b9aca82f6fddd89d table_id=events previous=Sync next=Ready
[2026-08-05T11:59:44Z INFO  serverlib::engine::database::table] database entity status changed: kind=table entity_id=019fd1cb35c675e1b9aca82f6fddd89d table_id=events previous=Ready next=Lock
[2026-08-05T11:59:44Z INFO  serverlib::engine::database::table] database entity status changed: kind=table entity_id=019fd1cb35c675e1b9aca82f6fddd89d table_id=events previous=Lock next=Sync
[2026-08-05T11:59:44Z INFO  serverlib::engine::database::table] database entity status changed: kind=table entity_id=019fd1cb35c675e1b9aca82f6fddd89d table_id=events previous=Sync next=Ready
[2026-08-05T11:59:44Z INFO  serverlib::engine::database::table] database entity status changed: kind=table entity_id=019fd1cb35c675e1b9aca82f6fddd89d table_id=events previous=Ready next=Lock
[2026-08-05T11:59:44Z INFO  serverlib::engine::database::table] database entity status changed: kind=table entity_id=019fd1cb35c675e1b9aca82f6fddd89d table_id=events previous=Lock next=Sync
[2026-08-05T11:59:44Z INFO  serverlib::engine::database::table] database entity status changed: kind=table entity_id=019fd1cb35c675e1b9aca82f6fddd89d table_id=events previous=Sync next=Ready
[2026-08-05T11:59:44Z INFO  serverlib::engine::database::table] database entity status changed: kind=table entity_id=019fd1cb35c675e1b9aca82f6fddd89d table_id=events previous=Ready next=Lock
[2026-08-05T11:59:44Z INFO  serverlib::engine::database::table] database entity status changed: kind=table entity_id=019fd1cb35c675e1b9aca82f6fddd89d table_id=events previous=Lock next=Sync
[2026-08-05T11:59:44Z INFO  serverlib::engine::database::table] database entity status changed: kind=table entity_id=019fd1cb35c675e1b9aca82f6fddd89d table_id=events previous=Sync next=Ready
[2026-08-05T11:59:44Z INFO  serverlib::engine::database::table] database entity status changed: kind=table entity_id=019fd1cb35c675e1b9aca82f6fddd89d table_id=events previous=Ready next=Lock
[2026-08-05T11:59:44Z INFO  serverlib::engine::database::table] database entity status changed: kind=table entity_id=019fd1cb35c675e1b9aca82f6fddd89d table_id=events previous=Lock next=Sync
[2026-08-05T11:59:44Z INFO  serverlib::engine::database::table] database entity status changed: kind=table entity_id=019fd1cb35c675e1b9aca82f6fddd89d table_id=events previous=Sync next=Ready
[2026-08-05T11:59:44Z INFO  serverlib::engine::database::table] database entity status changed: kind=table entity_id=019fd1cb35c675e1b9aca82f6fddd89d table_id=events previous=Ready next=Lock
[2026-08-05T11:59:44Z INFO  serverlib::engine::database::table] database entity status changed: kind=table entity_id=019fd1cb35c675e1b9aca82f6fddd89d table_id=events previous=Lock next=Sync
[2026-08-05T11:59:44Z INFO  serverlib::engine::database::table] database entity status changed: kind=table entity_id=019fd1cb35c675e1b9aca82f6fddd89d table_id=events previous=Sync next=Ready
[2026-08-05T11:59:44Z INFO  serverlib::engine::database::table] database entity status changed: kind=table entity_id=019fd1cb35c675e1b9aca82f6fddd89d table_id=events previous=Ready next=Lock
[2026-08-05T11:59:44Z INFO  serverlib::engine::database::table] database entity status changed: kind=table entity_id=019fd1cb35c675e1b9aca82f6fddd89d table_id=events previous=Lock next=Sync
[2026-08-05T11:59:44Z INFO  serverlib::engine::database::table] database entity status changed: kind=table entity_id=019fd1cb35c675e1b9aca82f6fddd89d table_id=events previous=Sync next=Ready
[2026-08-05T11:59:44Z INFO  serverlib::engine::database::table] database entity status changed: kind=table entity_id=019fd1cb35c675e1b9aca82f6fddd89d table_id=events previous=Ready next=Lock
[2026-08-05T11:59:44Z INFO  serverlib::engine::database::table] database entity status changed: kind=table entity_id=019fd1cb35c675e1b9aca82f6fddd89d table_id=events previous=Lock next=Sync
[2026-08-05T11:59:44Z INFO  serverlib::engine::database::table] database entity status changed: kind=table entity_id=019fd1cb35c675e1b9aca82f6fddd89d table_id=events previous=Sync next=Ready
[2026-08-05T11:59:44Z INFO  serverlib::engine::database::table] database entity status changed: kind=table entity_id=019fd1cb35c675e1b9aca82f6fddd89d table_id=events previous=Ready next=Lock
[2026-08-05T11:59:44Z INFO  serverlib::engine::database::table] database entity status changed: kind=table entity_id=019fd1cb35c675e1b9aca82f6fddd89d table_id=events previous=Lock next=Sync
[2026-08-05T11:59:44Z INFO  serverlib::engine::database::table] database entity status changed: kind=table entity_id=019fd1cb35c675e1b9aca82f6fddd89d table_id=events previous=Sync next=Ready
[2026-08-05T11:59:44Z INFO  serverlib::engine::database::table] database entity status changed: kind=table entity_id=019fd1cb35c675e1b9aca82f6fddd89d table_id=events previous=Ready next=Lock
[2026-08-05T11:59:44Z INFO  serverlib::engine::database::table] database entity status changed: kind=table entity_id=019fd1cb35c675e1b9aca82f6fddd89d table_id=events previous=Lock next=Sync
[2026-08-05T11:59:44Z INFO  serverlib::engine::database::table] database entity status changed: kind=table entity_id=019fd1cb35c675e1b9aca82f6fddd89d table_id=events previous=Sync next=Ready
[2026-08-05T11:59:44Z INFO  serverlib::engine::database::table] database entity status changed: kind=table entity_id=019fd1cb35c675e1b9aca82f6fddd89d table_id=events previous=Ready next=Lock
[2026-08-05T11:59:44Z INFO  serverlib::engine::database::table] database entity status changed: kind=table entity_id=019fd1cb35c675e1b9aca82f6fddd89d table_id=events previous=Lock next=Sync
[2026-08-05T11:59:44Z INFO  serverlib::engine::database::table] database entity status changed: kind=table entity_id=019fd1cb35c675e1b9aca82f6fddd89d table_id=events previous=Sync next=Ready
[2026-08-05T11:59:44Z INFO  serverlib::engine::database::table] database entity status changed: kind=table entity_id=019fd1cb35c675e1b9aca82f6fddd89d table_id=events previous=Ready next=Lock
[2026-08-05T11:59:44Z INFO  serverlib::engine::database::table] database entity status changed: kind=table entity_id=019fd1cb35c675e1b9aca82f6fddd89d table_id=events previous=Lock next=Sync
[2026-08-05T11:59:44Z INFO  serverlib::engine::database::table] database entity status changed: kind=table entity_id=019fd1cb35c675e1b9aca82f6fddd89d table_id=events previous=Sync next=Ready
[2026-08-05T11:59:44Z INFO  serverlib::engine::database::table] database entity status changed: kind=table entity_id=019fd1cb35c675e1b9aca82f6fddd89d table_id=events previous=Ready next=Lock
[2026-08-05T11:59:44Z INFO  serverlib::engine::database::table] database entity status changed: kind=table entity_id=019fd1cb35c675e1b9aca82f6fddd89d table_id=events previous=Lock next=Sync
[2026-08-05T11:59:44Z INFO  serverlib::engine::database::table] database entity status changed: kind=table entity_id=019fd1cb35c675e1b9aca82f6fddd89d table_id=events previous=Sync next=Ready
[2026-08-05T11:59:44Z INFO  serverlib::engine::database::table] database entity status changed: kind=table entity_id=019fd1cb35c675e1b9aca82f6fddd89d table_id=events previous=Ready next=Lock
[2026-08-05T11:59:44Z INFO  serverlib::engine::database::table] database entity status changed: kind=table entity_id=019fd1cb35c675e1b9aca82f6fddd89d table_id=events previous=Lock next=Sync
[2026-08-05T11:59:44Z INFO  serverlib::engine::database::table] database entity status changed: kind=table entity_id=019fd1cb35c675e1b9aca82f6fddd89d table_id=events previous=Sync next=Ready
[2026-08-05T11:59:44Z INFO  serverlib::engine::database::table] database entity status changed: kind=table entity_id=019fd1cb35c675e1b9aca82f6fddd89d table_id=events previous=Ready next=Lock
[2026-08-05T11:59:44Z INFO  serverlib::engine::database::table] database entity status changed: kind=table entity_id=019fd1cb35c675e1b9aca82f6fddd89d table_id=events previous=Lock next=Sync
[2026-08-05T11:59:44Z INFO  serverlib::engine::database::table] database entity status changed: kind=table entity_id=019fd1cb35c675e1b9aca82f6fddd89d table_id=events previous=Sync next=Ready
[2026-08-05T11:59:44Z INFO  serverlib::engine::database::table] database entity status changed: kind=table entity_id=019fd1cb35c675e1b9aca82f6fddd89d table_id=events previous=Ready next=Lock
[2026-08-05T11:59:44Z INFO  serverlib::engine::database::table] database entity status changed: kind=table entity_id=019fd1cb35c675e1b9aca82f6fddd89d table_id=events previous=Lock next=Sync
[2026-08-05T11:59:44Z INFO  serverlib::engine::database::table] database entity status changed: kind=table entity_id=019fd1cb35c675e1b9aca82f6fddd89d table_id=events previous=Sync next=Ready
[2026-08-05T11:59:44Z INFO  serverlib::engine::database::table] database entity status changed: kind=table entity_id=019fd1cb35c675e1b9aca82f6fddd89d table_id=events previous=Ready next=Lock
[2026-08-05T11:59:44Z INFO  serverlib::engine::database::table] database entity status changed: kind=table entity_id=019fd1cb35c675e1b9aca82f6fddd89d table_id=events previous=Lock next=Sync
[2026-08-05T11:59:44Z INFO  serverlib::engine::database::table] database entity status changed: kind=table entity_id=019fd1cb35c675e1b9aca82f6fddd89d table_id=events previous=Sync next=Ready
[2026-08-05T11:59:44Z INFO  serverlib::engine::database::table] database entity status changed: kind=table entity_id=019fd1cb35c675e1b9aca82f6fddd89d table_id=events previous=Ready next=Lock
[2026-08-05T11:59:44Z INFO  serverlib::engine::database::table] database entity status changed: kind=table entity_id=019fd1cb35c675e1b9aca82f6fddd89d table_id=events previous=Lock next=Sync
[2026-08-05T11:59:44Z INFO  serverlib::engine::database::table] database entity status changed: kind=table entity_id=019fd1cb35c675e1b9aca82f6fddd89d table_id=events previous=Sync next=Ready
[2026-08-05T11:59:44Z INFO  serverlib::engine::database::table] database entity status changed: kind=table entity_id=019fd1cb35c675e1b9aca82f6fddd89d table_id=events previous=Ready next=Lock
[2026-08-05T11:59:44Z INFO  serverlib::engine::database::table] database entity status changed: kind=table entity_id=019fd1cb35c675e1b9aca82f6fddd89d table_id=events previous=Lock next=Sync
[2026-08-05T11:59:44Z INFO  serverlib::engine::database::table] database entity status changed: kind=table entity_id=019fd1cb35c675e1b9aca82f6fddd89d table_id=events previous=Sync next=Ready
[2026-08-05T11:59:44Z INFO  serverlib::engine::database::table] database entity status changed: kind=table entity_id=019fd1cb35c675e1b9aca82f6fddd89d table_id=events previous=Ready next=Lock
[2026-08-05T11:59:44Z INFO  serverlib::engine::database::table] database entity status changed: kind=table entity_id=019fd1cb35c675e1b9aca82f6fddd89d table_id=events previous=Lock next=Sync
[2026-08-05T11:59:44Z INFO  serverlib::engine::database::table] database entity status changed: kind=table entity_id=019fd1cb35c675e1b9aca82f6fddd89d table_id=events previous=Sync next=Ready
[2026-08-05T11:59:44Z INFO  serverlib::engine::database::table] database entity status changed: kind=table entity_id=019fd1cb35c675e1b9aca82f6fddd89d table_id=events previous=Ready next=Lock
[2026-08-05T11:59:44Z INFO  serverlib::engine::database::table] database entity status changed: kind=table entity_id=019fd1cb35c675e1b9aca82f6fddd89d table_id=events previous=Lock next=Sync
[2026-08-05T11:59:44Z INFO  serverlib::engine::database::table] database entity status changed: kind=table entity_id=019fd1cb35c675e1b9aca82f6fddd89d table_id=events previous=Sync next=Ready
[2026-08-05T11:59:44Z INFO  serverlib::engine::database::table] database entity status changed: kind=table entity_id=019fd1cb35c675e1b9aca82f6fddd89d table_id=events previous=Ready next=Lock
[2026-08-05T11:59:44Z INFO  serverlib::engine::database::table] database entity status changed: kind=table entity_id=019fd1cb35c675e1b9aca82f6fddd89d table_id=events previous=Lock next=Sync
[2026-08-05T11:59:44Z INFO  serverlib::engine::database::table] database entity status changed: kind=table entity_id=019fd1cb35c675e1b9aca82f6fddd89d table_id=events previous=Sync next=Ready
[2026-08-05T11:59:44Z INFO  serverlib::engine::database::table] database entity status changed: kind=table entity_id=019fd1cb35c675e1b9aca82f6fddd89d table_id=events previous=Ready next=Lock
[2026-08-05T11:59:44Z INFO  serverlib::engine::database::table] database entity status changed: kind=table entity_id=019fd1cb35c675e1b9aca82f6fddd89d table_id=events previous=Lock next=Sync
[2026-08-05T11:59:44Z INFO  serverlib::engine::database::table] database entity status changed: kind=table entity_id=019fd1cb35c675e1b9aca82f6fddd89d table_id=events previous=Sync next=Ready
[2026-08-05T11:59:44Z INFO  serverlib::engine::database::table] database entity status changed: kind=table entity_id=019fd1cb35c675e1b9aca82f6fddd89d table_id=events previous=Ready next=Lock
[2026-08-05T11:59:44Z INFO  serverlib::engine::database::table] database entity status changed: kind=table entity_id=019fd1cb35c675e1b9aca82f6fddd89d table_id=events previous=Lock next=Sync
[2026-08-05T11:59:44Z INFO  serverlib::engine::database::table] database entity status changed: kind=table entity_id=019fd1cb35c675e1b9aca82f6fddd89d table_id=events previous=Sync next=Ready
[2026-08-05T11:59:44Z INFO  serverlib::engine::database::table] database entity status changed: kind=table entity_id=019fd1cb35c675e1b9aca82f6fddd89d table_id=events previous=Ready next=Lock
[2026-08-05T11:59:44Z INFO  serverlib::engine::database::table] database entity status changed: kind=table entity_id=019fd1cb35c675e1b9aca82f6fddd89d table_id=events previous=Lock next=Sync
[2026-08-05T11:59:44Z INFO  serverlib::engine::database::table] database entity status changed: kind=table entity_id=019fd1cb35c675e1b9aca82f6fddd89d table_id=events previous=Sync next=Ready
[2026-08-05T11:59:44Z INFO  serverlib::engine::database::table] database entity status changed: kind=table entity_id=019fd1cb35c675e1b9aca82f6fddd89d table_id=events previous=Ready next=Lock
[2026-08-05T11:59:44Z INFO  serverlib::engine::database::table] database entity status changed: kind=table entity_id=019fd1cb35c675e1b9aca82f6fddd89d table_id=events previous=Lock next=Sync
[2026-08-05T11:59:44Z INFO  serverlib::engine::database::table] database entity status changed: kind=table entity_id=019fd1cb35c675e1b9aca82f6fddd89d table_id=events previous=Sync next=Ready
[2026-08-05T11:59:44Z INFO  serverlib::engine::database::table] database entity status changed: kind=table entity_id=019fd1cb35c675e1b9aca82f6fddd89d table_id=events previous=Ready next=Lock
[2026-08-05T11:59:44Z INFO  serverlib::engine::database::table] database entity status changed: kind=table entity_id=019fd1cb35c675e1b9aca82f6fddd89d table_id=events previous=Lock next=Sync
[2026-08-05T11:59:44Z INFO  serverlib::engine::database::table] database entity status changed: kind=table entity_id=019fd1cb35c675e1b9aca82f6fddd89d table_id=events previous=Sync next=Ready
[2026-08-05T11:59:44Z INFO  serverlib::engine::database::table] database entity status changed: kind=table entity_id=019fd1cb35c675e1b9aca82f6fddd89d table_id=events previous=Ready next=Lock
[2026-08-05T11:59:44Z INFO  serverlib::engine::database::table] database entity status changed: kind=table entity_id=019fd1cb35c675e1b9aca82f6fddd89d table_id=events previous=Lock next=Sync
[2026-08-05T11:59:44Z INFO  serverlib::engine::database::table] database entity status changed: kind=table entity_id=019fd1cb35c675e1b9aca82f6fddd89d table_id=events previous=Sync next=Ready
[2026-08-05T11:59:44Z INFO  serverlib::engine::database::table] database entity status changed: kind=table entity_id=019fd1cb35c675e1b9aca82f6fddd89d table_id=events previous=Ready next=Lock
[2026-08-05T11:59:44Z INFO  serverlib::engine::database::table] database entity status changed: kind=table entity_id=019fd1cb35c675e1b9aca82f6fddd89d table_id=events previous=Lock next=Sync
[2026-08-05T11:59:44Z INFO  serverlib::engine::database::table] database entity status changed: kind=table entity_id=019fd1cb35c675e1b9aca82f6fddd89d table_id=events previous=Sync next=Ready
[2026-08-05T11:59:44Z INFO  serverlib::engine::database::table] database entity status changed: kind=table entity_id=019fd1cb35c675e1b9aca82f6fddd89d table_id=events previous=Ready next=Lock
[2026-08-05T11:59:44Z INFO  serverlib::engine::database::table] database entity status changed: kind=table entity_id=019fd1cb35c675e1b9aca82f6fddd89d table_id=events previous=Lock next=Sync
[2026-08-05T11:59:44Z INFO  serverlib::engine::database::table] database entity status changed: kind=table entity_id=019fd1cb35c675e1b9aca82f6fddd89d table_id=events previous=Sync next=Ready
[2026-08-05T11:59:44Z INFO  serverlib::engine::database::table] database entity status changed: kind=table entity_id=019fd1cb35c675e1b9aca82f6fddd89d table_id=events previous=Ready next=Lock
[2026-08-05T11:59:44Z INFO  serverlib::engine::database::table] database entity status changed: kind=table entity_id=019fd1cb35c675e1b9aca82f6fddd89d table_id=events previous=Lock next=Sync
[2026-08-05T11:59:44Z INFO  serverlib::engine::database::table] database entity status changed: kind=table entity_id=019fd1cb35c675e1b9aca82f6fddd89d table_id=events previous=Sync next=Ready
[2026-08-05T11:59:44Z INFO  serverlib::engine::database::table] database entity status changed: kind=table entity_id=019fd1cb35c675e1b9aca82f6fddd89d table_id=events previous=Ready next=Lock
[2026-08-05T11:59:44Z INFO  serverlib::engine::database::table] database entity status changed: kind=table entity_id=019fd1cb35c675e1b9aca82f6fddd89d table_id=events previous=Lock next=Sync
[2026-08-05T11:59:44Z INFO  serverlib::engine::database::table] database entity status changed: kind=table entity_id=019fd1cb35c675e1b9aca82f6fddd89d table_id=events previous=Sync next=Ready
[2026-08-05T11:59:44Z INFO  serverlib::engine::database::table] database entity status changed: kind=table entity_id=019fd1cb35c675e1b9aca82f6fddd89d table_id=events previous=Ready next=Lock
[2026-08-05T11:59:44Z INFO  serverlib::engine::database::table] database entity status changed: kind=table entity_id=019fd1cb35c675e1b9aca82f6fddd89d table_id=events previous=Lock next=Sync
[2026-08-05T11:59:44Z INFO  serverlib::engine::database::table] database entity status changed: kind=table entity_id=019fd1cb35c675e1b9aca82f6fddd89d table_id=events previous=Sync next=Ready
[2026-08-05T11:59:44Z INFO  serverlib::engine::database::table] database entity status changed: kind=table entity_id=019fd1cb35c675e1b9aca82f6fddd89d table_id=events previous=Ready next=Lock
[2026-08-05T11:59:44Z INFO  serverlib::engine::database::table] database entity status changed: kind=table entity_id=019fd1cb35c675e1b9aca82f6fddd89d table_id=events previous=Lock next=Sync
[2026-08-05T11:59:44Z INFO  serverlib::engine::database::table] database entity status changed: kind=table entity_id=019fd1cb35c675e1b9aca82f6fddd89d table_id=events previous=Sync next=Ready
[2026-08-05T11:59:44Z INFO  serverlib::engine::database::table] database entity status changed: kind=table entity_id=019fd1cb35c675e1b9aca82f6fddd89d table_id=events previous=Ready next=Lock
[2026-08-05T11:59:44Z INFO  serverlib::engine::database::table] database entity status changed: kind=table entity_id=019fd1cb35c675e1b9aca82f6fddd89d table_id=events previous=Lock next=Sync
[2026-08-05T11:59:44Z INFO  serverlib::engine::database::table] database entity status changed: kind=table entity_id=019fd1cb35c675e1b9aca82f6fddd89d table_id=events previous=Sync next=Ready
[2026-08-05T11:59:44Z INFO  serverlib::engine::database::table] database entity status changed: kind=table entity_id=019fd1cb35c675e1b9aca82f6fddd89d table_id=events previous=Ready next=Lock
[2026-08-05T11:59:44Z INFO  serverlib::engine::database::table] database entity status changed: kind=table entity_id=019fd1cb35c675e1b9aca82f6fddd89d table_id=events previous=Lock next=Sync
[2026-08-05T11:59:44Z INFO  serverlib::engine::database::table] database entity status changed: kind=table entity_id=019fd1cb35c675e1b9aca82f6fddd89d table_id=events previous=Sync next=Ready
[2026-08-05T11:59:44Z INFO  serverlib::engine::database::table] database entity status changed: kind=table entity_id=019fd1cb35c675e1b9aca82f6fddd89d table_id=events previous=Ready next=Lock
[2026-08-05T11:59:44Z INFO  serverlib::engine::database::table] database entity status changed: kind=table entity_id=019fd1cb35c675e1b9aca82f6fddd89d table_id=events previous=Lock next=Sync
[2026-08-05T11:59:44Z INFO  serverlib::engine::database::table] database entity status changed: kind=table entity_id=019fd1cb35c675e1b9aca82f6fddd89d table_id=events previous=Sync next=Ready
[2026-08-05T11:59:44Z INFO  serverlib::engine::database::table] database entity status changed: kind=table entity_id=019fd1cb35c675e1b9aca82f6fddd89d table_id=events previous=Ready next=Lock
[2026-08-05T11:59:44Z INFO  serverlib::engine::database::table] database entity status changed: kind=table entity_id=019fd1cb35c675e1b9aca82f6fddd89d table_id=events previous=Lock next=Sync
[2026-08-05T11:59:44Z INFO  serverlib::engine::database::table] database entity status changed: kind=table entity_id=019fd1cb35c675e1b9aca82f6fddd89d table_id=events previous=Sync next=Ready
[2026-08-05T11:59:44Z INFO  serverlib::engine::database::table] database entity status changed: kind=table entity_id=019fd1cb35c675e1b9aca82f6fddd89d table_id=events previous=Ready next=Lock
[2026-08-05T11:59:44Z INFO  serverlib::engine::database::table] database entity status changed: kind=table entity_id=019fd1cb35c675e1b9aca82f6fddd89d table_id=events previous=Lock next=Sync
[2026-08-05T11:59:44Z INFO  serverlib::engine::database::table] database entity status changed: kind=table entity_id=019fd1cb35c675e1b9aca82f6fddd89d table_id=events previous=Sync next=Ready
[2026-08-05T11:59:44Z INFO  serverlib::engine::database::table] database entity status changed: kind=table entity_id=019fd1cb35c675e1b9aca82f6fddd89d table_id=events previous=Ready next=Lock
[2026-08-05T11:59:44Z INFO  serverlib::engine::database::table] database entity status changed: kind=table entity_id=019fd1cb35c675e1b9aca82f6fddd89d table_id=events previous=Lock next=Sync
[2026-08-05T11:59:44Z INFO  serverlib::engine::database::table] database entity status changed: kind=table entity_id=019fd1cb35c675e1b9aca82f6fddd89d table_id=events previous=Sync next=Ready
[2026-08-05T11:59:44Z INFO  serverlib::engine::database::table] database entity status changed: kind=table entity_id=019fd1cb35c675e1b9aca82f6fddd89d table_id=events previous=Ready next=Lock
[2026-08-05T11:59:44Z INFO  serverlib::engine::database::table] database entity status changed: kind=table entity_id=019fd1cb35c675e1b9aca82f6fddd89d table_id=events previous=Lock next=Sync
[2026-08-05T11:59:44Z INFO  serverlib::engine::database::table] database entity status changed: kind=table entity_id=019fd1cb35c675e1b9aca82f6fddd89d table_id=events previous=Sync next=Ready
[2026-08-05T11:59:44Z INFO  serverlib::engine::database::table] database entity status changed: kind=table entity_id=019fd1cb35c675e1b9aca82f6fddd89d table_id=events previous=Ready next=Lock
[2026-08-05T11:59:44Z INFO  serverlib::engine::database::table] database entity status changed: kind=table entity_id=019fd1cb35c675e1b9aca82f6fddd89d table_id=events previous=Lock next=Sync
[2026-08-05T11:59:44Z INFO  serverlib::engine::database::table] database entity status changed: kind=table entity_id=019fd1cb35c675e1b9aca82f6fddd89d table_id=events previous=Sync next=Ready
[2026-08-05T11:59:44Z INFO  serverlib::engine::database::table] database entity status changed: kind=table entity_id=019fd1cb35c675e1b9aca82f6fddd89d table_id=events previous=Ready next=Lock
[2026-08-05T11:59:44Z INFO  serverlib::engine::database::table] database entity status changed: kind=table entity_id=019fd1cb35c675e1b9aca82f6fddd89d table_id=events previous=Lock next=Sync
[2026-08-05T11:59:44Z INFO  serverlib::engine::database::table] database entity status changed: kind=table entity_id=019fd1cb35c675e1b9aca82f6fddd89d table_id=events previous=Sync next=Ready
[2026-08-05T11:59:44Z INFO  serverlib::engine::database::table] database entity status changed: kind=table entity_id=019fd1cb35c675e1b9aca82f6fddd89d table_id=events previous=Ready next=Lock
[2026-08-05T11:59:44Z INFO  serverlib::engine::database::table] database entity status changed: kind=table entity_id=019fd1cb35c675e1b9aca82f6fddd89d table_id=events previous=Lock next=Sync
[2026-08-05T11:59:44Z INFO  serverlib::engine::database::table] database entity status changed: kind=table entity_id=019fd1cb35c675e1b9aca82f6fddd89d table_id=events previous=Sync next=Ready
[2026-08-05T11:59:44Z INFO  serverlib::engine::database::table] database entity status changed: kind=table entity_id=019fd1cb35c675e1b9aca82f6fddd89d table_id=events previous=Ready next=Lock
[2026-08-05T11:59:44Z INFO  serverlib::engine::database::table] database entity status changed: kind=table entity_id=019fd1cb35c675e1b9aca82f6fddd89d table_id=events previous=Lock next=Sync
[2026-08-05T11:59:44Z INFO  serverlib::engine::database::table] database entity status changed: kind=table entity_id=019fd1cb35c675e1b9aca82f6fddd89d table_id=events previous=Sync next=Ready
[2026-08-05T11:59:44Z INFO  serverlib::engine::database::table] database entity status changed: kind=table entity_id=019fd1cb35c675e1b9aca82f6fddd89d table_id=events previous=Ready next=Lock
[2026-08-05T11:59:44Z INFO  serverlib::engine::database::table] database entity status changed: kind=table entity_id=019fd1cb35c675e1b9aca82f6fddd89d table_id=events previous=Lock next=Sync
[2026-08-05T11:59:44Z INFO  serverlib::engine::database::table] database entity status changed: kind=table entity_id=019fd1cb35c675e1b9aca82f6fddd89d table_id=events previous=Sync next=Ready
[2026-08-05T11:59:44Z INFO  serverlib::engine::database::table] database entity status changed: kind=table entity_id=019fd1cb35c675e1b9aca82f6fddd89d table_id=events previous=Ready next=Lock
[2026-08-05T11:59:44Z INFO  serverlib::engine::database::table] database entity status changed: kind=table entity_id=019fd1cb35c675e1b9aca82f6fddd89d table_id=events previous=Lock next=Sync
[2026-08-05T11:59:44Z INFO  serverlib::engine::database::table] database entity status changed: kind=table entity_id=019fd1cb35c675e1b9aca82f6fddd89d table_id=events previous=Sync next=Ready
[2026-08-05T11:59:44Z INFO  serverlib::engine::database::table] database entity status changed: kind=table entity_id=019fd1cb35c675e1b9aca82f6fddd89d table_id=events previous=Ready next=Lock
[2026-08-05T11:59:44Z INFO  serverlib::engine::database::table] database entity status changed: kind=table entity_id=019fd1cb35c675e1b9aca82f6fddd89d table_id=events previous=Lock next=Sync
[2026-08-05T11:59:44Z INFO  serverlib::engine::database::table] database entity status changed: kind=table entity_id=019fd1cb35c675e1b9aca82f6fddd89d table_id=events previous=Sync next=Ready
[2026-08-05T11:59:44Z INFO  serverlib::engine::database::table] database entity status changed: kind=table entity_id=019fd1cb35c675e1b9aca82f6fddd89d table_id=events previous=Ready next=Lock
[2026-08-05T11:59:44Z INFO  serverlib::engine::database::table] database entity status changed: kind=table entity_id=019fd1cb35c675e1b9aca82f6fddd89d table_id=events previous=Lock next=Sync
[2026-08-05T11:59:44Z INFO  serverlib::engine::database::table] database entity status changed: kind=table entity_id=019fd1cb35c675e1b9aca82f6fddd89d table_id=events previous=Sync next=Ready
[2026-08-05T11:59:44Z INFO  serverlib::engine::database::table] database entity status changed: kind=table entity_id=019fd1cb35c675e1b9aca82f6fddd89d table_id=events previous=Ready next=Lock
[2026-08-05T11:59:44Z INFO  serverlib::engine::database::table] database entity status changed: kind=table entity_id=019fd1cb35c675e1b9aca82f6fddd89d table_id=events previous=Lock next=Sync
[2026-08-05T11:59:44Z INFO  serverlib::engine::database::table] database entity status changed: kind=table entity_id=019fd1cb35c675e1b9aca82f6fddd89d table_id=events previous=Sync next=Ready
[2026-08-05T11:59:44Z INFO  serverlib::engine::database::table] database entity status changed: kind=table entity_id=019fd1cb35c675e1b9aca82f6fddd89d table_id=events previous=Ready next=Lock
[2026-08-05T11:59:44Z INFO  serverlib::engine::database::table] database entity status changed: kind=table entity_id=019fd1cb35c675e1b9aca82f6fddd89d table_id=events previous=Lock next=Sync
[2026-08-05T11:59:44Z INFO  serverlib::engine::database::table] database entity status changed: kind=table entity_id=019fd1cb35c675e1b9aca82f6fddd89d table_id=events previous=Sync next=Ready
[2026-08-05T11:59:44Z INFO  serverlib::engine::database::table] database entity status changed: kind=table entity_id=019fd1cb35c675e1b9aca82f6fddd89d table_id=events previous=Ready next=Lock
[2026-08-05T11:59:44Z INFO  serverlib::engine::database::table] database entity status changed: kind=table entity_id=019fd1cb35c675e1b9aca82f6fddd89d table_id=events previous=Lock next=Sync
[2026-08-05T11:59:44Z INFO  serverlib::engine::database::table] database entity status changed: kind=table entity_id=019fd1cb35c675e1b9aca82f6fddd89d table_id=events previous=Sync next=Ready
[2026-08-05T11:59:44Z INFO  serverlib::engine::database::table] database entity status changed: kind=table entity_id=019fd1cb35c675e1b9aca82f6fddd89d table_id=events previous=Ready next=Lock
[2026-08-05T11:59:44Z INFO  serverlib::engine::database::table] database entity status changed: kind=table entity_id=019fd1cb35c675e1b9aca82f6fddd89d table_id=events previous=Lock next=Sync
[2026-08-05T11:59:44Z INFO  serverlib::engine::database::table] database entity status changed: kind=table entity_id=019fd1cb35c675e1b9aca82f6fddd89d table_id=events previous=Sync next=Ready
[2026-08-05T11:59:44Z INFO  serverlib::engine::database::table] database entity status changed: kind=table entity_id=019fd1cb35c675e1b9aca82f6fddd89d table_id=events previous=Ready next=Lock
[2026-08-05T11:59:44Z INFO  serverlib::engine::database::table] database entity status changed: kind=table entity_id=019fd1cb35c675e1b9aca82f6fddd89d table_id=events previous=Lock next=Sync
[2026-08-05T11:59:44Z INFO  serverlib::engine::database::table] database entity status changed: kind=table entity_id=019fd1cb35c675e1b9aca82f6fddd89d table_id=events previous=Sync next=Ready
[2026-08-05T11:59:44Z INFO  serverlib::engine::database::table] database entity status changed: kind=table entity_id=019fd1cb35c675e1b9aca82f6fddd89d table_id=events previous=Ready next=Lock
[2026-08-05T11:59:44Z INFO  serverlib::engine::database::table] database entity status changed: kind=table entity_id=019fd1cb35c675e1b9aca82f6fddd89d table_id=events previous=Lock next=Sync
[2026-08-05T11:59:44Z INFO  serverlib::engine::database::table] database entity status changed: kind=table entity_id=019fd1cb35c675e1b9aca82f6fddd89d table_id=events previous=Sync next=Ready
[2026-08-05T11:59:44Z INFO  serverlib::engine::database::table] database entity status changed: kind=table entity_id=019fd1cb35c675e1b9aca82f6fddd89d table_id=events previous=Ready next=Lock
[2026-08-05T11:59:44Z INFO  serverlib::engine::database::table] database entity status changed: kind=table entity_id=019fd1cb35c675e1b9aca82f6fddd89d table_id=events previous=Lock next=Sync
[2026-08-05T11:59:44Z INFO  serverlib::engine::database::table] database entity status changed: kind=table entity_id=019fd1cb35c675e1b9aca82f6fddd89d table_id=events previous=Sync next=Ready
[2026-08-05T11:59:44Z INFO  serverlib::engine::database::table] database entity status changed: kind=table entity_id=019fd1cb35c675e1b9aca82f6fddd89d table_id=events previous=Ready next=Lock
[2026-08-05T11:59:44Z INFO  serverlib::engine::database::table] database entity status changed: kind=table entity_id=019fd1cb35c675e1b9aca82f6fddd89d table_id=events previous=Lock next=Sync
[2026-08-05T11:59:44Z INFO  serverlib::engine::database::table] database entity status changed: kind=table entity_id=019fd1cb35c675e1b9aca82f6fddd89d table_id=events previous=Sync next=Ready
[2026-08-05T11:59:44Z INFO  serverlib::engine::database::table] database entity status changed: kind=table entity_id=019fd1cb35c675e1b9aca82f6fddd89d table_id=events previous=Ready next=Lock
[2026-08-05T11:59:44Z INFO  serverlib::engine::database::table] database entity status changed: kind=table entity_id=019fd1cb35c675e1b9aca82f6fddd89d table_id=events previous=Lock next=Sync
[2026-08-05T11:59:44Z INFO  serverlib::engine::database::table] database entity status changed: kind=table entity_id=019fd1cb35c675e1b9aca82f6fddd89d table_id=events previous=Sync next=Ready
[2026-08-05T11:59:44Z INFO  serverlib::engine::database::table] database entity status changed: kind=table entity_id=019fd1cb35c675e1b9aca82f6fddd89d table_id=events previous=Ready next=Lock
[2026-08-05T11:59:44Z INFO  serverlib::engine::database::table] database entity status changed: kind=table entity_id=019fd1cb35c675e1b9aca82f6fddd89d table_id=events previous=Lock next=Sync
[2026-08-05T11:59:44Z INFO  serverlib::engine::database::table] database entity status changed: kind=table entity_id=019fd1cb35c675e1b9aca82f6fddd89d table_id=events previous=Sync next=Ready
[2026-08-05T11:59:44Z INFO  serverlib::engine::database::table] database entity status changed: kind=table entity_id=019fd1cb35c675e1b9aca82f6fddd89d table_id=events previous=Ready next=Lock
[2026-08-05T11:59:44Z INFO  serverlib::engine::database::table] database entity status changed: kind=table entity_id=019fd1cb35c675e1b9aca82f6fddd89d table_id=events previous=Lock next=Sync
[2026-08-05T11:59:44Z INFO  serverlib::engine::database::table] database entity status changed: kind=table entity_id=019fd1cb35c675e1b9aca82f6fddd89d table_id=events previous=Sync next=Ready
[2026-08-05T11:59:44Z INFO  serverlib::engine::database::table] database entity status changed: kind=table entity_id=019fd1cb35c675e1b9aca82f6fddd89d table_id=events previous=Ready next=Lock
[2026-08-05T11:59:44Z INFO  serverlib::engine::database::table] database entity status changed: kind=table entity_id=019fd1cb35c675e1b9aca82f6fddd89d table_id=events previous=Lock next=Sync
[2026-08-05T11:59:44Z INFO  serverlib::engine::database::table] database entity status changed: kind=table entity_id=019fd1cb35c675e1b9aca82f6fddd89d table_id=events previous=Sync next=Ready
[2026-08-05T11:59:44Z INFO  serverlib::engine::database::table] database entity status changed: kind=table entity_id=019fd1cb35c675e1b9aca82f6fddd89d table_id=events previous=Ready next=Lock
[2026-08-05T11:59:44Z INFO  serverlib::engine::database::table] database entity status changed: kind=table entity_id=019fd1cb35c675e1b9aca82f6fddd89d table_id=events previous=Lock next=Sync
[2026-08-05T11:59:44Z INFO  serverlib::engine::database::table] database entity status changed: kind=table entity_id=019fd1cb35c675e1b9aca82f6fddd89d table_id=events previous=Sync next=Ready
[2026-08-05T11:59:44Z INFO  serverlib::engine::database::table] database entity status changed: kind=table entity_id=019fd1cb35c675e1b9aca82f6fddd89d table_id=events previous=Ready next=Lock
[2026-08-05T11:59:44Z INFO  serverlib::engine::database::table] database entity status changed: kind=table entity_id=019fd1cb35c675e1b9aca82f6fddd89d table_id=events previous=Lock next=Sync
[2026-08-05T11:59:44Z INFO  serverlib::engine::database::table] database entity status changed: kind=table entity_id=019fd1cb35c675e1b9aca82f6fddd89d table_id=events previous=Sync next=Ready
[2026-08-05T11:59:44Z INFO  serverlib::engine::database::table] database entity status changed: kind=table entity_id=019fd1cb35c675e1b9aca82f6fddd89d table_id=events previous=Ready next=Lock
[2026-08-05T11:59:44Z INFO  serverlib::engine::database::table] database entity status changed: kind=table entity_id=019fd1cb35c675e1b9aca82f6fddd89d table_id=events previous=Lock next=Sync
[2026-08-05T11:59:44Z INFO  serverlib::engine::database::table] database entity status changed: kind=table entity_id=019fd1cb35c675e1b9aca82f6fddd89d table_id=events previous=Sync next=Ready
[2026-08-05T11:59:44Z INFO  server::core::mappings::query::core::mutation_ops] mutation diagnostics: table_write_guard table=events applied=true defer_finalize=false already_locked=false lock_ms=0 execute_ms=4 finalize_ms=0 total_ms=5
[2026-08-05T11:59:44Z INFO  serverlib::engine::database::table] database entity status changed: kind=table entity_id=019fd1cb35c675e1b9aca82f6fddd89d table_id=events previous=Ready next=Lock
[2026-08-05T11:59:44Z INFO  serverlib::engine::database::table] database entity status changed: kind=table entity_id=019fd1cb35c675e1b9aca82f6fddd89d table_id=events previous=Lock next=Sync
[2026-08-05T11:59:44Z INFO  serverlib::engine::database::table] database entity status changed: kind=table entity_id=019fd1cb35c675e1b9aca82f6fddd89d table_id=events previous=Sync next=Ready
[2026-08-05T11:59:44Z INFO  serverlib::engine::database::table] database entity status changed: kind=table entity_id=019fd1cb35c675e1b9aca82f6fddd89d table_id=events previous=Ready next=Lock
[2026-08-05T11:59:44Z INFO  serverlib::engine::database::table] database entity status changed: kind=table entity_id=019fd1cb35c675e1b9aca82f6fddd89d table_id=events previous=Lock next=Sync
[2026-08-05T11:59:44Z INFO  serverlib::engine::database::table] database entity status changed: kind=table entity_id=019fd1cb35c675e1b9aca82f6fddd89d table_id=events previous=Sync next=Ready
[2026-08-05T11:59:44Z INFO  serverlib::engine::database::table] database entity status changed: kind=table entity_id=019fd1cb35c675e1b9aca82f6fddd89d table_id=events previous=Ready next=Lock
[2026-08-05T11:59:44Z INFO  serverlib::engine::database::table] database entity status changed: kind=table entity_id=019fd1cb35c675e1b9aca82f6fddd89d table_id=events previous=Lock next=Sync
[2026-08-05T11:59:44Z INFO  serverlib::engine::database::table] database entity status changed: kind=table entity_id=019fd1cb35c675e1b9aca82f6fddd89d table_id=events previous=Sync next=Ready
[2026-08-05T11:59:44Z INFO  serverlib::engine::database::table] database entity status changed: kind=table entity_id=019fd1cb35c675e1b9aca82f6fddd89d table_id=events previous=Ready next=Lock
[2026-08-05T11:59:44Z INFO  serverlib::engine::database::table] database entity status changed: kind=table entity_id=019fd1cb35c675e1b9aca82f6fddd89d table_id=events previous=Lock next=Sync
[2026-08-05T11:59:44Z INFO  serverlib::engine::database::table] database entity status changed: kind=table entity_id=019fd1cb35c675e1b9aca82f6fddd89d table_id=events previous=Sync next=Ready
[2026-08-05T11:59:44Z INFO  serverlib::engine::database::table] database entity status changed: kind=table entity_id=019fd1cb35c675e1b9aca82f6fddd89d table_id=events previous=Ready next=Lock
[2026-08-05T11:59:44Z INFO  serverlib::engine::database::table] database entity status changed: kind=table entity_id=019fd1cb35c675e1b9aca82f6fddd89d table_id=events previous=Lock next=Sync
[2026-08-05T11:59:44Z INFO  serverlib::engine::database::table] database entity status changed: kind=table entity_id=019fd1cb35c675e1b9aca82f6fddd89d table_id=events previous=Sync next=Ready
[2026-08-05T11:59:44Z INFO  serverlib::engine::database::table] database entity status changed: kind=table entity_id=019fd1cb35c675e1b9aca82f6fddd89d table_id=events previous=Ready next=Lock
[2026-08-05T11:59:44Z INFO  serverlib::engine::database::table] database entity status changed: kind=table entity_id=019fd1cb35c675e1b9aca82f6fddd89d table_id=events previous=Lock next=Sync
[2026-08-05T11:59:44Z INFO  serverlib::engine::database::table] database entity status changed: kind=table entity_id=019fd1cb35c675e1b9aca82f6fddd89d table_id=events previous=Sync next=Ready
[2026-08-05T11:59:44Z INFO  serverlib::engine::database::table] database entity status changed: kind=table entity_id=019fd1cb35c675e1b9aca82f6fddd89d table_id=events previous=Ready next=Lock
[2026-08-05T11:59:44Z WARN  serverlib::engine::database::runtime_index] runtime index snapshot save skipped table=events reason=wal fingerprint changed after snapshot write
[2026-08-05T11:59:44Z INFO  serverlib::engine::database::table] database entity status changed: kind=table entity_id=019fd1cb35c675e1b9aca82f6fddd89d table_id=events previous=Lock next=Sync
[2026-08-05T11:59:44Z INFO  serverlib::engine::database::table] database entity status changed: kind=table entity_id=019fd1cb35c675e1b9aca82f6fddd89d table_id=events previous=Sync next=Ready
[2026-08-05T11:59:44Z INFO  serverlib::engine::database::table] database entity status changed: kind=table entity_id=019fd1cb35c675e1b9aca82f6fddd89d table_id=events previous=Ready next=Lock
[2026-08-05T11:59:44Z INFO  serverlib::engine::database::table] database entity status changed: kind=table entity_id=019fd1cb35c675e1b9aca82f6fddd89d table_id=events previous=Lock next=Sync
[2026-08-05T11:59:44Z INFO  serverlib::engine::database::table] database entity status changed: kind=table entity_id=019fd1cb35c675e1b9aca82f6fddd89d table_id=events previous=Sync next=Ready
[2026-08-05T11:59:44Z INFO  server] connector peer disconnected from 127.0.0.1:58799 (active_connections=0)
[2026-08-05T11:59:44Z INFO  server] connector peer connected from 127.0.0.1:58800 (active_connections=1)
[2026-08-05T11:59:44Z INFO  server::core::control::connector_handler] server peer discovery row peer_id=perf-baseline-node local_node_addrs=["/ip4/127.0.0.1/tcp/19401"] peer_addrs=["/ip4/127.0.0.1/tcp/19401"]
[2026-08-05T11:59:44Z INFO  serverlib::engine::database::table] database entity status changed: kind=table entity_id=019fd1cb35c675e1b9aca82f6fddd89d table_id=events previous=Ready next=Lock
[2026-08-05T11:59:44Z INFO  serverlib::engine::database::table] database entity status changed: kind=table entity_id=019fd1cb35c675e1b9aca82f6fddd89d table_id=events previous=Lock next=Sync
[2026-08-05T11:59:44Z INFO  serverlib::engine::database::table] database entity status changed: kind=table entity_id=019fd1cb35c675e1b9aca82f6fddd89d table_id=events previous=Sync next=Ready
[2026-08-05T11:59:44Z INFO  server] connector peer disconnected from 127.0.0.1:58800 (active_connections=0)
[2026-08-05T11:59:44Z INFO  server] connector peer connected from 127.0.0.1:58801 (active_connections=1)
[2026-08-05T11:59:44Z INFO  server::core::control::connector_handler] server peer discovery row peer_id=perf-baseline-node local_node_addrs=["/ip4/127.0.0.1/tcp/19401"] peer_addrs=["/ip4/127.0.0.1/tcp/19401"]
[2026-08-05T11:59:44Z INFO  serverlib::engine::database::table] database entity status changed: kind=table entity_id=019fd1cb35c675e1b9aca82f6fddd89d table_id=events previous=Ready next=Lock
[2026-08-05T11:59:44Z INFO  serverlib::engine::database::table] database entity status changed: kind=table entity_id=019fd1cb35c675e1b9aca82f6fddd89d table_id=events previous=Lock next=Sync
[2026-08-05T11:59:44Z INFO  serverlib::engine::database::table] database entity status changed: kind=table entity_id=019fd1cb35c675e1b9aca82f6fddd89d table_id=events previous=Sync next=Ready
[2026-08-05T11:59:44Z INFO  server] connector peer disconnected from 127.0.0.1:58801 (active_connections=0)
[2026-08-05T11:59:44Z INFO  server] connector peer connected from 127.0.0.1:58802 (active_connections=1)
[2026-08-05T11:59:44Z INFO  server::core::control::connector_handler] server peer discovery row peer_id=perf-baseline-node local_node_addrs=["/ip4/127.0.0.1/tcp/19401"] peer_addrs=["/ip4/127.0.0.1/tcp/19401"]
[2026-08-05T11:59:44Z INFO  serverlib::engine::database::table] database entity status changed: kind=table entity_id=019fd1cb35c675e1b9aca82f6fddd89d table_id=events previous=Ready next=Lock
[2026-08-05T11:59:44Z INFO  serverlib::engine::database::table] database entity status changed: kind=table entity_id=019fd1cb35c675e1b9aca82f6fddd89d table_id=events previous=Lock next=Sync
[2026-08-05T11:59:44Z INFO  serverlib::engine::database::table] database entity status changed: kind=table entity_id=019fd1cb35c675e1b9aca82f6fddd89d table_id=events previous=Sync next=Ready
[2026-08-05T11:59:44Z INFO  server] connector peer disconnected from 127.0.0.1:58802 (active_connections=0)
[2026-08-05T11:59:44Z INFO  server] connector peer connected from 127.0.0.1:58803 (active_connections=1)
[2026-08-05T11:59:44Z INFO  server::core::control::connector_handler] server peer discovery row peer_id=perf-baseline-node local_node_addrs=["/ip4/127.0.0.1/tcp/19401"] peer_addrs=["/ip4/127.0.0.1/tcp/19401"]
[2026-08-05T11:59:44Z INFO  serverlib::engine::database::table] database entity status changed: kind=table entity_id=019fd1cb35c675e1b9aca82f6fddd89d table_id=events previous=Ready next=Lock
[2026-08-05T11:59:44Z INFO  serverlib::engine::database::table] database entity status changed: kind=table entity_id=019fd1cb35c675e1b9aca82f6fddd89d table_id=events previous=Lock next=Sync
[2026-08-05T11:59:44Z INFO  serverlib::engine::database::table] database entity status changed: kind=table entity_id=019fd1cb35c675e1b9aca82f6fddd89d table_id=events previous=Sync next=Ready
[2026-08-05T11:59:44Z INFO  server] connector peer disconnected from 127.0.0.1:58803 (active_connections=0)
[2026-08-05T11:59:44Z INFO  server] connector peer connected from 127.0.0.1:58804 (active_connections=1)
[2026-08-05T11:59:44Z INFO  server::core::control::connector_handler] server peer discovery row peer_id=perf-baseline-node local_node_addrs=["/ip4/127.0.0.1/tcp/19401"] peer_addrs=["/ip4/127.0.0.1/tcp/19401"]
[2026-08-05T11:59:44Z INFO  serverlib::engine::database::table] database entity status changed: kind=table entity_id=019fd1cb35c675e1b9aca82f6fddd89d table_id=events previous=Ready next=Lock
[2026-08-05T11:59:44Z INFO  serverlib::engine::database::table] database entity status changed: kind=table entity_id=019fd1cb35c675e1b9aca82f6fddd89d table_id=events previous=Lock next=Sync
[2026-08-05T11:59:44Z INFO  serverlib::engine::database::table] database entity status changed: kind=table entity_id=019fd1cb35c675e1b9aca82f6fddd89d table_id=events previous=Sync next=Ready
[2026-08-05T11:59:44Z INFO  server] connector peer disconnected from 127.0.0.1:58804 (active_connections=0)
[2026-08-05T11:59:44Z INFO  server] connector peer connected from 127.0.0.1:58805 (active_connections=1)
[2026-08-05T11:59:44Z INFO  server::core::control::connector_handler] server peer discovery row peer_id=perf-baseline-node local_node_addrs=["/ip4/127.0.0.1/tcp/19401"] peer_addrs=["/ip4/127.0.0.1/tcp/19401"]
[2026-08-05T11:59:44Z INFO  serverlib::engine::database::table] database entity status changed: kind=table entity_id=019fd1cb35c675e1b9aca82f6fddd89d table_id=events previous=Ready next=Lock
[2026-08-05T11:59:44Z INFO  serverlib::engine::database::table] database entity status changed: kind=table entity_id=019fd1cb35c675e1b9aca82f6fddd89d table_id=events previous=Lock next=Sync
[2026-08-05T11:59:44Z INFO  serverlib::engine::database::table] database entity status changed: kind=table entity_id=019fd1cb35c675e1b9aca82f6fddd89d table_id=events previous=Sync next=Ready
[2026-08-05T11:59:44Z INFO  server] connector peer disconnected from 127.0.0.1:58805 (active_connections=0)
[2026-08-05T11:59:44Z INFO  server] connector peer connected from 127.0.0.1:58806 (active_connections=1)
[2026-08-05T11:59:44Z INFO  server::core::control::connector_handler] server peer discovery row peer_id=perf-baseline-node local_node_addrs=["/ip4/127.0.0.1/tcp/19401"] peer_addrs=["/ip4/127.0.0.1/tcp/19401"]
[2026-08-05T11:59:44Z INFO  serverlib::engine::database::table] database entity status changed: kind=table entity_id=019fd1cb35c675e1b9aca82f6fddd89d table_id=events previous=Ready next=Lock
[2026-08-05T11:59:44Z INFO  serverlib::engine::database::table] database entity status changed: kind=table entity_id=019fd1cb35c675e1b9aca82f6fddd89d table_id=events previous=Lock next=Sync
[2026-08-05T11:59:44Z INFO  serverlib::engine::database::table] database entity status changed: kind=table entity_id=019fd1cb35c675e1b9aca82f6fddd89d table_id=events previous=Sync next=Ready
[2026-08-05T11:59:44Z INFO  server] connector peer disconnected from 127.0.0.1:58806 (active_connections=0)
[2026-08-05T11:59:44Z INFO  server] connector peer connected from 127.0.0.1:58807 (active_connections=1)
[2026-08-05T11:59:44Z INFO  server::core::control::connector_handler] server peer discovery row peer_id=perf-baseline-node local_node_addrs=["/ip4/127.0.0.1/tcp/19401"] peer_addrs=["/ip4/127.0.0.1/tcp/19401"]
[2026-08-05T11:59:44Z INFO  serverlib::engine::database::table] database entity status changed: kind=table entity_id=019fd1cb35c675e1b9aca82f6fddd89d table_id=events previous=Ready next=Lock
[2026-08-05T11:59:44Z INFO  serverlib::engine::database::table] database entity status changed: kind=table entity_id=019fd1cb35c675e1b9aca82f6fddd89d table_id=events previous=Lock next=Sync
[2026-08-05T11:59:44Z INFO  serverlib::engine::database::table] database entity status changed: kind=table entity_id=019fd1cb35c675e1b9aca82f6fddd89d table_id=events previous=Sync next=Ready
[2026-08-05T11:59:44Z INFO  server] connector peer disconnected from 127.0.0.1:58807 (active_connections=0)
[2026-08-05T11:59:44Z INFO  server] connector peer connected from 127.0.0.1:58808 (active_connections=1)
[2026-08-05T11:59:44Z INFO  server::core::control::connector_handler] server peer discovery row peer_id=perf-baseline-node local_node_addrs=["/ip4/127.0.0.1/tcp/19401"] peer_addrs=["/ip4/127.0.0.1/tcp/19401"]
[2026-08-05T11:59:44Z INFO  serverlib::engine::database::table] database entity status changed: kind=table entity_id=019fd1cb35c675e1b9aca82f6fddd89d table_id=events previous=Ready next=Lock
[2026-08-05T11:59:45Z INFO  serverlib::engine::database::table] database entity status changed: kind=table entity_id=019fd1cb35c675e1b9aca82f6fddd89d table_id=events previous=Lock next=Sync
[2026-08-05T11:59:45Z INFO  serverlib::engine::database::table] database entity status changed: kind=table entity_id=019fd1cb35c675e1b9aca82f6fddd89d table_id=events previous=Sync next=Ready
[2026-08-05T11:59:45Z INFO  server] connector peer disconnected from 127.0.0.1:58808 (active_connections=0)
[2026-08-05T11:59:45Z INFO  server] connector peer connected from 127.0.0.1:58809 (active_connections=1)
[2026-08-05T11:59:45Z INFO  server::core::control::connector_handler] server peer discovery row peer_id=perf-baseline-node local_node_addrs=["/ip4/127.0.0.1/tcp/19401"] peer_addrs=["/ip4/127.0.0.1/tcp/19401"]
[2026-08-05T11:59:45Z INFO  serverlib::engine::database::table] database entity status changed: kind=table entity_id=019fd1cb35c675e1b9aca82f6fddd89d table_id=events previous=Ready next=Lock
[2026-08-05T11:59:45Z INFO  serverlib::engine::database::table] database entity status changed: kind=table entity_id=019fd1cb35c675e1b9aca82f6fddd89d table_id=events previous=Lock next=Sync
[2026-08-05T11:59:45Z INFO  serverlib::engine::database::table] database entity status changed: kind=table entity_id=019fd1cb35c675e1b9aca82f6fddd89d table_id=events previous=Sync next=Ready
[2026-08-05T11:59:45Z INFO  server] connector peer disconnected from 127.0.0.1:58809 (active_connections=0)
[2026-08-05T11:59:45Z INFO  server] connector peer connected from 127.0.0.1:58810 (active_connections=1)
[2026-08-05T11:59:45Z INFO  server::core::control::connector_handler] server peer discovery row peer_id=perf-baseline-node local_node_addrs=["/ip4/127.0.0.1/tcp/19401"] peer_addrs=["/ip4/127.0.0.1/tcp/19401"]
[2026-08-05T11:59:45Z INFO  serverlib::engine::database::table] database entity status changed: kind=table entity_id=019fd1cb35c675e1b9aca82f6fddd89d table_id=events previous=Ready next=Lock
[2026-08-05T11:59:45Z INFO  serverlib::engine::database::table] database entity status changed: kind=table entity_id=019fd1cb35c675e1b9aca82f6fddd89d table_id=events previous=Lock next=Sync
[2026-08-05T11:59:45Z INFO  serverlib::engine::database::table] database entity status changed: kind=table entity_id=019fd1cb35c675e1b9aca82f6fddd89d table_id=events previous=Sync next=Ready
[2026-08-05T11:59:45Z INFO  server] connector peer disconnected from 127.0.0.1:58810 (active_connections=0)
[2026-08-05T11:59:45Z INFO  server] connector peer connected from 127.0.0.1:58811 (active_connections=1)
[2026-08-05T11:59:45Z INFO  server::core::control::connector_handler] server peer discovery row peer_id=perf-baseline-node local_node_addrs=["/ip4/127.0.0.1/tcp/19401"] peer_addrs=["/ip4/127.0.0.1/tcp/19401"]
[2026-08-05T11:59:45Z INFO  serverlib::engine::database::table] database entity status changed: kind=table entity_id=019fd1cb35c675e1b9aca82f6fddd89d table_id=events previous=Ready next=Lock
[2026-08-05T11:59:45Z INFO  serverlib::engine::database::table] database entity status changed: kind=table entity_id=019fd1cb35c675e1b9aca82f6fddd89d table_id=events previous=Lock next=Sync
[2026-08-05T11:59:45Z INFO  serverlib::engine::database::table] database entity status changed: kind=table entity_id=019fd1cb35c675e1b9aca82f6fddd89d table_id=events previous=Sync next=Ready
[2026-08-05T11:59:45Z INFO  server] connector peer disconnected from 127.0.0.1:58811 (active_connections=0)
[2026-08-05T11:59:45Z INFO  server] connector peer connected from 127.0.0.1:58812 (active_connections=1)
[2026-08-05T11:59:45Z INFO  server::core::control::connector_handler] server peer discovery row peer_id=perf-baseline-node local_node_addrs=["/ip4/127.0.0.1/tcp/19401"] peer_addrs=["/ip4/127.0.0.1/tcp/19401"]
[2026-08-05T11:59:45Z INFO  serverlib::engine::database::table] database entity status changed: kind=table entity_id=019fd1cb35c675e1b9aca82f6fddd89d table_id=events previous=Ready next=Lock
[2026-08-05T11:59:45Z INFO  serverlib::engine::database::table] database entity status changed: kind=table entity_id=019fd1cb35c675e1b9aca82f6fddd89d table_id=events previous=Lock next=Sync
[2026-08-05T11:59:45Z INFO  serverlib::engine::database::table] database entity status changed: kind=table entity_id=019fd1cb35c675e1b9aca82f6fddd89d table_id=events previous=Sync next=Ready
[2026-08-05T11:59:45Z INFO  server] connector peer disconnected from 127.0.0.1:58812 (active_connections=0)
[2026-08-05T11:59:45Z INFO  server] connector peer connected from 127.0.0.1:58813 (active_connections=1)
[2026-08-05T11:59:45Z INFO  server::core::control::connector_handler] server peer discovery row peer_id=perf-baseline-node local_node_addrs=["/ip4/127.0.0.1/tcp/19401"] peer_addrs=["/ip4/127.0.0.1/tcp/19401"]
[2026-08-05T11:59:45Z INFO  serverlib::engine::database::table] database entity status changed: kind=table entity_id=019fd1cb35c675e1b9aca82f6fddd89d table_id=events previous=Ready next=Lock
[2026-08-05T11:59:45Z INFO  serverlib::engine::database::table] database entity status changed: kind=table entity_id=019fd1cb35c675e1b9aca82f6fddd89d table_id=events previous=Lock next=Sync
[2026-08-05T11:59:45Z INFO  serverlib::engine::database::table] database entity status changed: kind=table entity_id=019fd1cb35c675e1b9aca82f6fddd89d table_id=events previous=Sync next=Ready
[2026-08-05T11:59:45Z INFO  server] connector peer disconnected from 127.0.0.1:58813 (active_connections=0)
[2026-08-05T11:59:45Z INFO  server] connector peer connected from 127.0.0.1:58814 (active_connections=1)
[2026-08-05T11:59:45Z INFO  server::core::control::connector_handler] server peer discovery row peer_id=perf-baseline-node local_node_addrs=["/ip4/127.0.0.1/tcp/19401"] peer_addrs=["/ip4/127.0.0.1/tcp/19401"]
[2026-08-05T11:59:45Z INFO  serverlib::engine::database::table] database entity status changed: kind=table entity_id=019fd1cb35c675e1b9aca82f6fddd89d table_id=events previous=Ready next=Lock
[2026-08-05T11:59:45Z INFO  serverlib::engine::database::table] database entity status changed: kind=table entity_id=019fd1cb35c675e1b9aca82f6fddd89d table_id=events previous=Lock next=Sync
[2026-08-05T11:59:45Z INFO  serverlib::engine::database::table] database entity status changed: kind=table entity_id=019fd1cb35c675e1b9aca82f6fddd89d table_id=events previous=Sync next=Ready
[2026-08-05T11:59:45Z INFO  server] connector peer disconnected from 127.0.0.1:58814 (active_connections=0)
[2026-08-05T11:59:45Z INFO  server] connector peer connected from 127.0.0.1:58816 (active_connections=1)
[2026-08-05T11:59:45Z INFO  server::core::control::connector_handler] server peer discovery row peer_id=perf-baseline-node local_node_addrs=["/ip4/127.0.0.1/tcp/19401"] peer_addrs=["/ip4/127.0.0.1/tcp/19401"]
[2026-08-05T11:59:45Z INFO  serverlib::engine::database::table] database entity status changed: kind=table entity_id=019fd1cb35c675e1b9aca82f6fddd89d table_id=events previous=Ready next=Lock
[2026-08-05T11:59:45Z INFO  serverlib::engine::database::table] database entity status changed: kind=table entity_id=019fd1cb35c675e1b9aca82f6fddd89d table_id=events previous=Lock next=Sync
[2026-08-05T11:59:45Z INFO  serverlib::engine::database::table] database entity status changed: kind=table entity_id=019fd1cb35c675e1b9aca82f6fddd89d table_id=events previous=Sync next=Ready
[2026-08-05T11:59:45Z INFO  server] connector peer disconnected from 127.0.0.1:58816 (active_connections=0)
[2026-08-05T11:59:45Z INFO  server] connector peer connected from 127.0.0.1:58817 (active_connections=1)
[2026-08-05T11:59:45Z INFO  server::core::control::connector_handler] server peer discovery row peer_id=perf-baseline-node local_node_addrs=["/ip4/127.0.0.1/tcp/19401"] peer_addrs=["/ip4/127.0.0.1/tcp/19401"]
[2026-08-05T11:59:45Z INFO  serverlib::engine::database::table] database entity status changed: kind=table entity_id=019fd1cb35c675e1b9aca82f6fddd89d table_id=events previous=Ready next=Lock
[2026-08-05T11:59:45Z INFO  serverlib::engine::database::table] database entity status changed: kind=table entity_id=019fd1cb35c675e1b9aca82f6fddd89d table_id=events previous=Lock next=Sync
[2026-08-05T11:59:45Z INFO  serverlib::engine::database::table] database entity status changed: kind=table entity_id=019fd1cb35c675e1b9aca82f6fddd89d table_id=events previous=Sync next=Ready
[2026-08-05T11:59:45Z INFO  server] connector peer disconnected from 127.0.0.1:58817 (active_connections=0)
[2026-08-05T11:59:45Z INFO  server] connector peer connected from 127.0.0.1:58818 (active_connections=1)
[2026-08-05T11:59:45Z INFO  server::core::control::connector_handler] server peer discovery row peer_id=perf-baseline-node local_node_addrs=["/ip4/127.0.0.1/tcp/19401"] peer_addrs=["/ip4/127.0.0.1/tcp/19401"]
[2026-08-05T11:59:45Z INFO  serverlib::engine::database::table] database entity status changed: kind=table entity_id=019fd1cb35c675e1b9aca82f6fddd89d table_id=events previous=Ready next=Lock
[2026-08-05T11:59:45Z INFO  serverlib::engine::database::table] database entity status changed: kind=table entity_id=019fd1cb35c675e1b9aca82f6fddd89d table_id=events previous=Lock next=Sync
[2026-08-05T11:59:45Z INFO  serverlib::engine::database::table] database entity status changed: kind=table entity_id=019fd1cb35c675e1b9aca82f6fddd89d table_id=events previous=Sync next=Ready
[2026-08-05T11:59:45Z INFO  server] connector peer disconnected from 127.0.0.1:58818 (active_connections=0)
[2026-08-05T11:59:45Z INFO  server] connector peer connected from 127.0.0.1:58819 (active_connections=1)
[2026-08-05T11:59:45Z INFO  server::core::control::connector_handler] server peer discovery row peer_id=perf-baseline-node local_node_addrs=["/ip4/127.0.0.1/tcp/19401"] peer_addrs=["/ip4/127.0.0.1/tcp/19401"]
[2026-08-05T11:59:45Z INFO  serverlib::engine::database::table] database entity status changed: kind=table entity_id=019fd1cb35c675e1b9aca82f6fddd89d table_id=events previous=Ready next=Lock
[2026-08-05T11:59:45Z INFO  serverlib::engine::database::table] database entity status changed: kind=table entity_id=019fd1cb35c675e1b9aca82f6fddd89d table_id=events previous=Lock next=Sync
[2026-08-05T11:59:45Z INFO  serverlib::engine::database::table] database entity status changed: kind=table entity_id=019fd1cb35c675e1b9aca82f6fddd89d table_id=events previous=Sync next=Ready
[2026-08-05T11:59:45Z INFO  server] connector peer disconnected from 127.0.0.1:58819 (active_connections=0)
[2026-08-05T11:59:45Z INFO  server] connector peer connected from 127.0.0.1:58820 (active_connections=1)
[2026-08-05T11:59:45Z INFO  server::core::control::connector_handler] server peer discovery row peer_id=perf-baseline-node local_node_addrs=["/ip4/127.0.0.1/tcp/19401"] peer_addrs=["/ip4/127.0.0.1/tcp/19401"]
[2026-08-05T11:59:45Z INFO  serverlib::engine::database::table] database entity status changed: kind=table entity_id=019fd1cb35c675e1b9aca82f6fddd89d table_id=events previous=Ready next=Lock
[2026-08-05T11:59:45Z INFO  serverlib::engine::database::table] database entity status changed: kind=table entity_id=019fd1cb35c675e1b9aca82f6fddd89d table_id=events previous=Lock next=Sync
[2026-08-05T11:59:45Z INFO  serverlib::engine::database::table] database entity status changed: kind=table entity_id=019fd1cb35c675e1b9aca82f6fddd89d table_id=events previous=Sync next=Ready
[2026-08-05T11:59:45Z INFO  server] connector peer disconnected from 127.0.0.1:58820 (active_connections=0)
[2026-08-05T11:59:45Z INFO  server] connector peer connected from 127.0.0.1:58821 (active_connections=1)
[2026-08-05T11:59:45Z INFO  server::core::control::connector_handler] server peer discovery row peer_id=perf-baseline-node local_node_addrs=["/ip4/127.0.0.1/tcp/19401"] peer_addrs=["/ip4/127.0.0.1/tcp/19401"]
[2026-08-05T11:59:45Z INFO  serverlib::engine::database::table] database entity status changed: kind=table entity_id=019fd1cb35c675e1b9aca82f6fddd89d table_id=events previous=Ready next=Lock
[2026-08-05T11:59:45Z INFO  serverlib::engine::database::table] database entity status changed: kind=table entity_id=019fd1cb35c675e1b9aca82f6fddd89d table_id=events previous=Lock next=Sync
[2026-08-05T11:59:45Z INFO  serverlib::engine::database::table] database entity status changed: kind=table entity_id=019fd1cb35c675e1b9aca82f6fddd89d table_id=events previous=Sync next=Ready
[2026-08-05T11:59:45Z INFO  server] connector peer disconnected from 127.0.0.1:58821 (active_connections=0)
[2026-08-05T11:59:45Z INFO  server] connector peer connected from 127.0.0.1:58822 (active_connections=1)
[2026-08-05T11:59:45Z INFO  server::core::control::connector_handler] server peer discovery row peer_id=perf-baseline-node local_node_addrs=["/ip4/127.0.0.1/tcp/19401"] peer_addrs=["/ip4/127.0.0.1/tcp/19401"]
[2026-08-05T11:59:45Z INFO  serverlib::engine::database::table] database entity status changed: kind=table entity_id=019fd1cb35c675e1b9aca82f6fddd89d table_id=events previous=Ready next=Lock
[2026-08-05T11:59:45Z INFO  serverlib::engine::database::table] database entity status changed: kind=table entity_id=019fd1cb35c675e1b9aca82f6fddd89d table_id=events previous=Lock next=Sync
[2026-08-05T11:59:45Z INFO  serverlib::engine::database::table] database entity status changed: kind=table entity_id=019fd1cb35c675e1b9aca82f6fddd89d table_id=events previous=Sync next=Ready
[2026-08-05T11:59:45Z INFO  server] connector peer disconnected from 127.0.0.1:58822 (active_connections=0)
[2026-08-05T11:59:45Z INFO  server] connector peer connected from 127.0.0.1:58823 (active_connections=1)
[2026-08-05T11:59:45Z INFO  server::core::control::connector_handler] server peer discovery row peer_id=perf-baseline-node local_node_addrs=["/ip4/127.0.0.1/tcp/19401"] peer_addrs=["/ip4/127.0.0.1/tcp/19401"]
[2026-08-05T11:59:45Z INFO  serverlib::engine::database::table] database entity status changed: kind=table entity_id=019fd1cb35c675e1b9aca82f6fddd89d table_id=events previous=Ready next=Lock
[2026-08-05T11:59:45Z INFO  serverlib::engine::database::table] database entity status changed: kind=table entity_id=019fd1cb35c675e1b9aca82f6fddd89d table_id=events previous=Lock next=Sync
[2026-08-05T11:59:45Z INFO  serverlib::engine::database::table] database entity status changed: kind=table entity_id=019fd1cb35c675e1b9aca82f6fddd89d table_id=events previous=Sync next=Ready
[2026-08-05T11:59:45Z INFO  server] connector peer disconnected from 127.0.0.1:58823 (active_connections=0)
[2026-08-05T11:59:45Z INFO  server] connector peer connected from 127.0.0.1:58824 (active_connections=1)
[2026-08-05T11:59:45Z INFO  server::core::control::connector_handler] server peer discovery row peer_id=perf-baseline-node local_node_addrs=["/ip4/127.0.0.1/tcp/19401"] peer_addrs=["/ip4/127.0.0.1/tcp/19401"]
[2026-08-05T11:59:45Z INFO  serverlib::engine::database::table] database entity status changed: kind=table entity_id=019fd1cb35c675e1b9aca82f6fddd89d table_id=events previous=Ready next=Lock
[2026-08-05T11:59:45Z INFO  serverlib::engine::database::table] database entity status changed: kind=table entity_id=019fd1cb35c675e1b9aca82f6fddd89d table_id=events previous=Lock next=Sync
[2026-08-05T11:59:45Z INFO  serverlib::engine::database::table] database entity status changed: kind=table entity_id=019fd1cb35c675e1b9aca82f6fddd89d table_id=events previous=Sync next=Ready
[2026-08-05T11:59:45Z INFO  server] connector peer disconnected from 127.0.0.1:58824 (active_connections=0)
[2026-08-05T11:59:45Z INFO  server] connector peer connected from 127.0.0.1:58825 (active_connections=1)
[2026-08-05T11:59:45Z INFO  server::core::control::connector_handler] server peer discovery row peer_id=perf-baseline-node local_node_addrs=["/ip4/127.0.0.1/tcp/19401"] peer_addrs=["/ip4/127.0.0.1/tcp/19401"]
[2026-08-05T11:59:45Z INFO  serverlib::engine::database::table] database entity status changed: kind=table entity_id=019fd1cb35c675e1b9aca82f6fddd89d table_id=events previous=Ready next=Lock
[2026-08-05T11:59:45Z INFO  serverlib::engine::database::table] database entity status changed: kind=table entity_id=019fd1cb35c675e1b9aca82f6fddd89d table_id=events previous=Lock next=Sync
[2026-08-05T11:59:45Z INFO  serverlib::engine::database::table] database entity status changed: kind=table entity_id=019fd1cb35c675e1b9aca82f6fddd89d table_id=events previous=Sync next=Ready
[2026-08-05T11:59:45Z INFO  server] connector peer disconnected from 127.0.0.1:58825 (active_connections=0)
[2026-08-05T11:59:45Z INFO  server] connector peer connected from 127.0.0.1:58826 (active_connections=1)
[2026-08-05T11:59:45Z INFO  server::core::control::connector_handler] server peer discovery row peer_id=perf-baseline-node local_node_addrs=["/ip4/127.0.0.1/tcp/19401"] peer_addrs=["/ip4/127.0.0.1/tcp/19401"]
[2026-08-05T11:59:45Z INFO  serverlib::engine::database::table] database entity status changed: kind=table entity_id=019fd1cb35c675e1b9aca82f6fddd89d table_id=events previous=Ready next=Lock
[2026-08-05T11:59:45Z INFO  serverlib::engine::database::table] database entity status changed: kind=table entity_id=019fd1cb35c675e1b9aca82f6fddd89d table_id=events previous=Lock next=Sync
[2026-08-05T11:59:45Z INFO  serverlib::engine::database::table] database entity status changed: kind=table entity_id=019fd1cb35c675e1b9aca82f6fddd89d table_id=events previous=Sync next=Ready
[2026-08-05T11:59:45Z INFO  server] connector peer disconnected from 127.0.0.1:58826 (active_connections=0)
[2026-08-05T11:59:45Z INFO  server] connector peer connected from 127.0.0.1:58827 (active_connections=1)
[2026-08-05T11:59:45Z INFO  server::core::control::connector_handler] server peer discovery row peer_id=perf-baseline-node local_node_addrs=["/ip4/127.0.0.1/tcp/19401"] peer_addrs=["/ip4/127.0.0.1/tcp/19401"]
[2026-08-05T11:59:45Z INFO  serverlib::engine::database::table] database entity status changed: kind=table entity_id=019fd1cb35c675e1b9aca82f6fddd89d table_id=events previous=Ready next=Lock
[2026-08-05T11:59:45Z INFO  serverlib::engine::database::table] database entity status changed: kind=table entity_id=019fd1cb35c675e1b9aca82f6fddd89d table_id=events previous=Lock next=Sync
[2026-08-05T11:59:45Z INFO  serverlib::engine::database::table] database entity status changed: kind=table entity_id=019fd1cb35c675e1b9aca82f6fddd89d table_id=events previous=Sync next=Ready
[2026-08-05T11:59:45Z INFO  server] connector peer disconnected from 127.0.0.1:58827 (active_connections=0)
[2026-08-05T11:59:45Z INFO  server] connector peer connected from 127.0.0.1:58828 (active_connections=1)
[2026-08-05T11:59:45Z INFO  server::core::control::connector_handler] server peer discovery row peer_id=perf-baseline-node local_node_addrs=["/ip4/127.0.0.1/tcp/19401"] peer_addrs=["/ip4/127.0.0.1/tcp/19401"]
[2026-08-05T11:59:45Z INFO  serverlib::engine::database::table] database entity status changed: kind=table entity_id=019fd1cb35c675e1b9aca82f6fddd89d table_id=events previous=Ready next=Lock
[2026-08-05T11:59:45Z INFO  serverlib::engine::database::table] database entity status changed: kind=table entity_id=019fd1cb35c675e1b9aca82f6fddd89d table_id=events previous=Lock next=Sync
[2026-08-05T11:59:45Z INFO  serverlib::engine::database::table] database entity status changed: kind=table entity_id=019fd1cb35c675e1b9aca82f6fddd89d table_id=events previous=Sync next=Ready
[2026-08-05T11:59:45Z INFO  server] connector peer disconnected from 127.0.0.1:58828 (active_connections=0)
[2026-08-05T11:59:45Z INFO  server] connector peer connected from 127.0.0.1:58829 (active_connections=1)
[2026-08-05T11:59:45Z INFO  server::core::control::connector_handler] server peer discovery row peer_id=perf-baseline-node local_node_addrs=["/ip4/127.0.0.1/tcp/19401"] peer_addrs=["/ip4/127.0.0.1/tcp/19401"]
[2026-08-05T11:59:45Z INFO  serverlib::engine::database::table] database entity status changed: kind=table entity_id=019fd1cb35c675e1b9aca82f6fddd89d table_id=events previous=Ready next=Lock
[2026-08-05T11:59:45Z INFO  serverlib::engine::database::table] database entity status changed: kind=table entity_id=019fd1cb35c675e1b9aca82f6fddd89d table_id=events previous=Lock next=Sync
[2026-08-05T11:59:45Z INFO  serverlib::engine::database::table] database entity status changed: kind=table entity_id=019fd1cb35c675e1b9aca82f6fddd89d table_id=events previous=Sync next=Ready
[2026-08-05T11:59:45Z INFO  server] connector peer disconnected from 127.0.0.1:58829 (active_connections=0)
[2026-08-05T11:59:45Z INFO  server] connector peer connected from 127.0.0.1:58830 (active_connections=1)
[2026-08-05T11:59:45Z INFO  server::core::control::connector_handler] server peer discovery row peer_id=perf-baseline-node local_node_addrs=["/ip4/127.0.0.1/tcp/19401"] peer_addrs=["/ip4/127.0.0.1/tcp/19401"]
[2026-08-05T11:59:45Z INFO  serverlib::engine::database::table] database entity status changed: kind=table entity_id=019fd1cb35c675e1b9aca82f6fddd89d table_id=events previous=Ready next=Lock
[2026-08-05T11:59:45Z INFO  serverlib::engine::database::table] database entity status changed: kind=table entity_id=019fd1cb35c675e1b9aca82f6fddd89d table_id=events previous=Lock next=Sync
[2026-08-05T11:59:45Z INFO  serverlib::engine::database::table] database entity status changed: kind=table entity_id=019fd1cb35c675e1b9aca82f6fddd89d table_id=events previous=Sync next=Ready
[2026-08-05T11:59:45Z INFO  server] connector peer disconnected from 127.0.0.1:58830 (active_connections=0)
[2026-08-05T11:59:45Z INFO  server] connector peer connected from 127.0.0.1:58831 (active_connections=1)
[2026-08-05T11:59:45Z INFO  server::core::control::connector_handler] server peer discovery row peer_id=perf-baseline-node local_node_addrs=["/ip4/127.0.0.1/tcp/19401"] peer_addrs=["/ip4/127.0.0.1/tcp/19401"]
[2026-08-05T11:59:45Z INFO  serverlib::engine::database::table] database entity status changed: kind=table entity_id=019fd1cb35c675e1b9aca82f6fddd89d table_id=events previous=Ready next=Lock
[2026-08-05T11:59:45Z INFO  serverlib::engine::database::table] database entity status changed: kind=table entity_id=019fd1cb35c675e1b9aca82f6fddd89d table_id=events previous=Lock next=Sync
[2026-08-05T11:59:45Z INFO  serverlib::engine::database::table] database entity status changed: kind=table entity_id=019fd1cb35c675e1b9aca82f6fddd89d table_id=events previous=Sync next=Ready
[2026-08-05T11:59:45Z INFO  server] connector peer disconnected from 127.0.0.1:58831 (active_connections=0)
[2026-08-05T11:59:45Z INFO  server] connector peer connected from 127.0.0.1:58832 (active_connections=1)
[2026-08-05T11:59:45Z INFO  server::core::control::connector_handler] server peer discovery row peer_id=perf-baseline-node local_node_addrs=["/ip4/127.0.0.1/tcp/19401"] peer_addrs=["/ip4/127.0.0.1/tcp/19401"]
[2026-08-05T11:59:45Z INFO  serverlib::engine::database::table] database entity status changed: kind=table entity_id=019fd1cb35c675e1b9aca82f6fddd89d table_id=events previous=Ready next=Lock
[2026-08-05T11:59:45Z INFO  serverlib::engine::database::table] database entity status changed: kind=table entity_id=019fd1cb35c675e1b9aca82f6fddd89d table_id=events previous=Lock next=Sync
[2026-08-05T11:59:45Z INFO  serverlib::engine::database::table] database entity status changed: kind=table entity_id=019fd1cb35c675e1b9aca82f6fddd89d table_id=events previous=Sync next=Ready
[2026-08-05T11:59:45Z INFO  server] connector peer disconnected from 127.0.0.1:58832 (active_connections=0)
[2026-08-05T11:59:45Z INFO  server] connector peer connected from 127.0.0.1:58833 (active_connections=1)
[2026-08-05T11:59:45Z INFO  server::core::control::connector_handler] server peer discovery row peer_id=perf-baseline-node local_node_addrs=["/ip4/127.0.0.1/tcp/19401"] peer_addrs=["/ip4/127.0.0.1/tcp/19401"]
[2026-08-05T11:59:45Z INFO  serverlib::engine::database::table] database entity status changed: kind=table entity_id=019fd1cb35c675e1b9aca82f6fddd89d table_id=events previous=Ready next=Lock
[2026-08-05T11:59:45Z INFO  serverlib::engine::database::table] database entity status changed: kind=table entity_id=019fd1cb35c675e1b9aca82f6fddd89d table_id=events previous=Lock next=Sync
[2026-08-05T11:59:45Z INFO  serverlib::engine::database::table] database entity status changed: kind=table entity_id=019fd1cb35c675e1b9aca82f6fddd89d table_id=events previous=Sync next=Ready
[2026-08-05T11:59:45Z INFO  server] connector peer disconnected from 127.0.0.1:58833 (active_connections=0)
[2026-08-05T11:59:45Z INFO  server] connector peer connected from 127.0.0.1:58834 (active_connections=1)
[2026-08-05T11:59:45Z INFO  server::core::control::connector_handler] server peer discovery row peer_id=perf-baseline-node local_node_addrs=["/ip4/127.0.0.1/tcp/19401"] peer_addrs=["/ip4/127.0.0.1/tcp/19401"]
[2026-08-05T11:59:45Z INFO  serverlib::engine::database::table] database entity status changed: kind=table entity_id=019fd1cb35c675e1b9aca82f6fddd89d table_id=events previous=Ready next=Lock
[2026-08-05T11:59:45Z INFO  serverlib::engine::database::table] database entity status changed: kind=table entity_id=019fd1cb35c675e1b9aca82f6fddd89d table_id=events previous=Lock next=Sync
[2026-08-05T11:59:45Z INFO  serverlib::engine::database::table] database entity status changed: kind=table entity_id=019fd1cb35c675e1b9aca82f6fddd89d table_id=events previous=Sync next=Ready
[2026-08-05T11:59:45Z INFO  server] connector peer disconnected from 127.0.0.1:58834 (active_connections=0)
[2026-08-05T11:59:45Z INFO  server] connector peer connected from 127.0.0.1:58835 (active_connections=1)
[2026-08-05T11:59:45Z INFO  server::core::control::connector_handler] server peer discovery row peer_id=perf-baseline-node local_node_addrs=["/ip4/127.0.0.1/tcp/19401"] peer_addrs=["/ip4/127.0.0.1/tcp/19401"]
[2026-08-05T11:59:45Z INFO  serverlib::engine::database::table] database entity status changed: kind=table entity_id=019fd1cb35c675e1b9aca82f6fddd89d table_id=events previous=Ready next=Lock
[2026-08-05T11:59:45Z INFO  serverlib::engine::database::table] database entity status changed: kind=table entity_id=019fd1cb35c675e1b9aca82f6fddd89d table_id=events previous=Lock next=Sync
[2026-08-05T11:59:45Z INFO  serverlib::engine::database::table] database entity status changed: kind=table entity_id=019fd1cb35c675e1b9aca82f6fddd89d table_id=events previous=Sync next=Ready
[2026-08-05T11:59:45Z INFO  server] connector peer disconnected from 127.0.0.1:58835 (active_connections=0)
[2026-08-05T11:59:46Z INFO  server] connector peer connected from 127.0.0.1:58836 (active_connections=1)
[2026-08-05T11:59:46Z INFO  server::core::control::connector_handler] server peer discovery row peer_id=perf-baseline-node local_node_addrs=["/ip4/127.0.0.1/tcp/19401"] peer_addrs=["/ip4/127.0.0.1/tcp/19401"]
[2026-08-05T11:59:46Z INFO  serverlib::engine::database::table] database entity status changed: kind=table entity_id=019fd1cb35c675e1b9aca82f6fddd89d table_id=events previous=Ready next=Lock
[2026-08-05T11:59:46Z INFO  serverlib::engine::database::table] database entity status changed: kind=table entity_id=019fd1cb35c675e1b9aca82f6fddd89d table_id=events previous=Lock next=Sync
[2026-08-05T11:59:46Z INFO  serverlib::engine::database::table] database entity status changed: kind=table entity_id=019fd1cb35c675e1b9aca82f6fddd89d table_id=events previous=Sync next=Ready
[2026-08-05T11:59:46Z INFO  server] connector peer disconnected from 127.0.0.1:58836 (active_connections=0)
[2026-08-05T11:59:46Z INFO  server] connector peer connected from 127.0.0.1:58837 (active_connections=1)
[2026-08-05T11:59:46Z INFO  server::core::control::connector_handler] server peer discovery row peer_id=perf-baseline-node local_node_addrs=["/ip4/127.0.0.1/tcp/19401"] peer_addrs=["/ip4/127.0.0.1/tcp/19401"]
[2026-08-05T11:59:46Z INFO  serverlib::engine::database::table] database entity status changed: kind=table entity_id=019fd1cb35c675e1b9aca82f6fddd89d table_id=events previous=Ready next=Lock
[2026-08-05T11:59:46Z INFO  serverlib::engine::database::table] database entity status changed: kind=table entity_id=019fd1cb35c675e1b9aca82f6fddd89d table_id=events previous=Lock next=Sync
[2026-08-05T11:59:46Z INFO  serverlib::engine::database::table] database entity status changed: kind=table entity_id=019fd1cb35c675e1b9aca82f6fddd89d table_id=events previous=Sync next=Ready
[2026-08-05T11:59:46Z INFO  server] connector peer disconnected from 127.0.0.1:58837 (active_connections=0)
[2026-08-05T11:59:46Z INFO  server] connector peer connected from 127.0.0.1:58838 (active_connections=1)
[2026-08-05T11:59:46Z INFO  server::core::control::connector_handler] server peer discovery row peer_id=perf-baseline-node local_node_addrs=["/ip4/127.0.0.1/tcp/19401"] peer_addrs=["/ip4/127.0.0.1/tcp/19401"]
[2026-08-05T11:59:46Z INFO  serverlib::engine::database::table] database entity status changed: kind=table entity_id=019fd1cb35c675e1b9aca82f6fddd89d table_id=events previous=Ready next=Lock
[2026-08-05T11:59:46Z INFO  serverlib::engine::database::table] database entity status changed: kind=table entity_id=019fd1cb35c675e1b9aca82f6fddd89d table_id=events previous=Lock next=Sync
[2026-08-05T11:59:46Z INFO  serverlib::engine::database::table] database entity status changed: kind=table entity_id=019fd1cb35c675e1b9aca82f6fddd89d table_id=events previous=Sync next=Ready
[2026-08-05T11:59:46Z INFO  server] connector peer disconnected from 127.0.0.1:58838 (active_connections=0)
[2026-08-05T11:59:46Z INFO  server] connector peer connected from 127.0.0.1:58839 (active_connections=1)
[2026-08-05T11:59:46Z INFO  server::core::control::connector_handler] server peer discovery row peer_id=perf-baseline-node local_node_addrs=["/ip4/127.0.0.1/tcp/19401"] peer_addrs=["/ip4/127.0.0.1/tcp/19401"]
[2026-08-05T11:59:46Z INFO  serverlib::engine::database::table] database entity status changed: kind=table entity_id=019fd1cb35c675e1b9aca82f6fddd89d table_id=events previous=Ready next=Lock
[2026-08-05T11:59:46Z INFO  serverlib::engine::database::table] database entity status changed: kind=table entity_id=019fd1cb35c675e1b9aca82f6fddd89d table_id=events previous=Lock next=Sync
[2026-08-05T11:59:46Z INFO  serverlib::engine::database::table] database entity status changed: kind=table entity_id=019fd1cb35c675e1b9aca82f6fddd89d table_id=events previous=Sync next=Ready
[2026-08-05T11:59:46Z INFO  server] connector peer disconnected from 127.0.0.1:58839 (active_connections=0)
[2026-08-05T11:59:46Z INFO  server] connector peer connected from 127.0.0.1:58840 (active_connections=1)
[2026-08-05T11:59:46Z INFO  server::core::control::connector_handler] server peer discovery row peer_id=perf-baseline-node local_node_addrs=["/ip4/127.0.0.1/tcp/19401"] peer_addrs=["/ip4/127.0.0.1/tcp/19401"]
[2026-08-05T11:59:46Z INFO  serverlib::engine::database::table] database entity status changed: kind=table entity_id=019fd1cb35c675e1b9aca82f6fddd89d table_id=events previous=Ready next=Lock
[2026-08-05T11:59:46Z INFO  serverlib::engine::database::table] database entity status changed: kind=table entity_id=019fd1cb35c675e1b9aca82f6fddd89d table_id=events previous=Lock next=Sync
[2026-08-05T11:59:46Z INFO  serverlib::engine::database::table] database entity status changed: kind=table entity_id=019fd1cb35c675e1b9aca82f6fddd89d table_id=events previous=Sync next=Ready
[2026-08-05T11:59:46Z INFO  server] connector peer disconnected from 127.0.0.1:58840 (active_connections=0)
[2026-08-05T11:59:46Z INFO  server] connector peer connected from 127.0.0.1:58841 (active_connections=1)
[2026-08-05T11:59:46Z INFO  server::core::control::connector_handler] server peer discovery row peer_id=perf-baseline-node local_node_addrs=["/ip4/127.0.0.1/tcp/19401"] peer_addrs=["/ip4/127.0.0.1/tcp/19401"]
[2026-08-05T11:59:46Z INFO  serverlib::engine::database::table] database entity status changed: kind=table entity_id=019fd1cb35c675e1b9aca82f6fddd89d table_id=events previous=Ready next=Lock
[2026-08-05T11:59:46Z INFO  serverlib::engine::database::table] database entity status changed: kind=table entity_id=019fd1cb35c675e1b9aca82f6fddd89d table_id=events previous=Lock next=Sync
[2026-08-05T11:59:46Z INFO  serverlib::engine::database::table] database entity status changed: kind=table entity_id=019fd1cb35c675e1b9aca82f6fddd89d table_id=events previous=Sync next=Ready
[2026-08-05T11:59:46Z INFO  server] connector peer disconnected from 127.0.0.1:58841 (active_connections=0)
[2026-08-05T11:59:46Z INFO  server] connector peer connected from 127.0.0.1:58842 (active_connections=1)
[2026-08-05T11:59:46Z INFO  server::core::control::connector_handler] server peer discovery row peer_id=perf-baseline-node local_node_addrs=["/ip4/127.0.0.1/tcp/19401"] peer_addrs=["/ip4/127.0.0.1/tcp/19401"]
[2026-08-05T11:59:46Z INFO  serverlib::engine::database::table] database entity status changed: kind=table entity_id=019fd1cb35c675e1b9aca82f6fddd89d table_id=events previous=Ready next=Lock
[2026-08-05T11:59:46Z INFO  serverlib::engine::database::table] database entity status changed: kind=table entity_id=019fd1cb35c675e1b9aca82f6fddd89d table_id=events previous=Lock next=Sync
[2026-08-05T11:59:46Z INFO  serverlib::engine::database::table] database entity status changed: kind=table entity_id=019fd1cb35c675e1b9aca82f6fddd89d table_id=events previous=Sync next=Ready
[2026-08-05T11:59:46Z INFO  server] connector peer disconnected from 127.0.0.1:58842 (active_connections=0)
[2026-08-05T11:59:46Z INFO  server] connector peer connected from 127.0.0.1:58843 (active_connections=1)
[2026-08-05T11:59:46Z INFO  server::core::control::connector_handler] server peer discovery row peer_id=perf-baseline-node local_node_addrs=["/ip4/127.0.0.1/tcp/19401"] peer_addrs=["/ip4/127.0.0.1/tcp/19401"]
[2026-08-05T11:59:46Z INFO  serverlib::engine::database::table] database entity status changed: kind=table entity_id=019fd1cb35c675e1b9aca82f6fddd89d table_id=events previous=Ready next=Lock
[2026-08-05T11:59:46Z INFO  serverlib::engine::database::table] database entity status changed: kind=table entity_id=019fd1cb35c675e1b9aca82f6fddd89d table_id=events previous=Lock next=Sync
[2026-08-05T11:59:46Z INFO  serverlib::engine::database::table] database entity status changed: kind=table entity_id=019fd1cb35c675e1b9aca82f6fddd89d table_id=events previous=Sync next=Ready
[2026-08-05T11:59:46Z INFO  server] connector peer disconnected from 127.0.0.1:58843 (active_connections=0)
[2026-08-05T11:59:46Z INFO  server] connector peer connected from 127.0.0.1:58844 (active_connections=1)
[2026-08-05T11:59:46Z INFO  server::core::control::connector_handler] server peer discovery row peer_id=perf-baseline-node local_node_addrs=["/ip4/127.0.0.1/tcp/19401"] peer_addrs=["/ip4/127.0.0.1/tcp/19401"]
[2026-08-05T11:59:46Z INFO  serverlib::engine::database::table] database entity status changed: kind=table entity_id=019fd1cb35c675e1b9aca82f6fddd89d table_id=events previous=Ready next=Lock
[2026-08-05T11:59:46Z INFO  serverlib::engine::database::table] database entity status changed: kind=table entity_id=019fd1cb35c675e1b9aca82f6fddd89d table_id=events previous=Lock next=Sync
[2026-08-05T11:59:46Z INFO  serverlib::engine::database::table] database entity status changed: kind=table entity_id=019fd1cb35c675e1b9aca82f6fddd89d table_id=events previous=Sync next=Ready
[2026-08-05T11:59:46Z INFO  server] connector peer disconnected from 127.0.0.1:58844 (active_connections=0)
[2026-08-05T11:59:46Z INFO  server] connector peer connected from 127.0.0.1:58845 (active_connections=1)
[2026-08-05T11:59:46Z INFO  server::core::control::connector_handler] server peer discovery row peer_id=perf-baseline-node local_node_addrs=["/ip4/127.0.0.1/tcp/19401"] peer_addrs=["/ip4/127.0.0.1/tcp/19401"]
[2026-08-05T11:59:46Z INFO  serverlib::engine::database::table] database entity status changed: kind=table entity_id=019fd1cb35c675e1b9aca82f6fddd89d table_id=events previous=Ready next=Lock
[2026-08-05T11:59:46Z INFO  serverlib::engine::database::table] database entity status changed: kind=table entity_id=019fd1cb35c675e1b9aca82f6fddd89d table_id=events previous=Lock next=Sync
[2026-08-05T11:59:46Z INFO  serverlib::engine::database::table] database entity status changed: kind=table entity_id=019fd1cb35c675e1b9aca82f6fddd89d table_id=events previous=Sync next=Ready
[2026-08-05T11:59:46Z INFO  server] connector peer disconnected from 127.0.0.1:58845 (active_connections=0)
[2026-08-05T11:59:46Z INFO  server] connector peer connected from 127.0.0.1:58846 (active_connections=1)
[2026-08-05T11:59:46Z INFO  server::core::control::connector_handler] server peer discovery row peer_id=perf-baseline-node local_node_addrs=["/ip4/127.0.0.1/tcp/19401"] peer_addrs=["/ip4/127.0.0.1/tcp/19401"]
[2026-08-05T11:59:46Z INFO  serverlib::engine::database::table] database entity status changed: kind=table entity_id=019fd1cb35c675e1b9aca82f6fddd89d table_id=events previous=Ready next=Lock
[2026-08-05T11:59:46Z INFO  serverlib::engine::database::table] database entity status changed: kind=table entity_id=019fd1cb35c675e1b9aca82f6fddd89d table_id=events previous=Lock next=Sync
[2026-08-05T11:59:46Z INFO  serverlib::engine::database::table] database entity status changed: kind=table entity_id=019fd1cb35c675e1b9aca82f6fddd89d table_id=events previous=Sync next=Ready
[2026-08-05T11:59:46Z INFO  server] connector peer disconnected from 127.0.0.1:58846 (active_connections=0)
[2026-08-05T11:59:46Z INFO  server] connector peer connected from 127.0.0.1:58847 (active_connections=1)
[2026-08-05T11:59:46Z INFO  server::core::control::connector_handler] server peer discovery row peer_id=perf-baseline-node local_node_addrs=["/ip4/127.0.0.1/tcp/19401"] peer_addrs=["/ip4/127.0.0.1/tcp/19401"]
[2026-08-05T11:59:46Z INFO  serverlib::engine::database::table] database entity status changed: kind=table entity_id=019fd1cb35c675e1b9aca82f6fddd89d table_id=events previous=Ready next=Lock
[2026-08-05T11:59:46Z INFO  serverlib::engine::database::table] database entity status changed: kind=table entity_id=019fd1cb35c675e1b9aca82f6fddd89d table_id=events previous=Lock next=Sync
[2026-08-05T11:59:46Z INFO  serverlib::engine::database::table] database entity status changed: kind=table entity_id=019fd1cb35c675e1b9aca82f6fddd89d table_id=events previous=Sync next=Ready
[2026-08-05T11:59:46Z INFO  server] connector peer disconnected from 127.0.0.1:58847 (active_connections=0)
[2026-08-05T11:59:46Z INFO  server] connector peer connected from 127.0.0.1:58848 (active_connections=1)
[2026-08-05T11:59:46Z INFO  server::core::control::connector_handler] server peer discovery row peer_id=perf-baseline-node local_node_addrs=["/ip4/127.0.0.1/tcp/19401"] peer_addrs=["/ip4/127.0.0.1/tcp/19401"]
[2026-08-05T11:59:46Z INFO  serverlib::engine::database::table] database entity status changed: kind=table entity_id=019fd1cb35c675e1b9aca82f6fddd89d table_id=events previous=Ready next=Lock
[2026-08-05T11:59:46Z INFO  serverlib::engine::database::table] database entity status changed: kind=table entity_id=019fd1cb35c675e1b9aca82f6fddd89d table_id=events previous=Lock next=Sync
[2026-08-05T11:59:46Z INFO  serverlib::engine::database::table] database entity status changed: kind=table entity_id=019fd1cb35c675e1b9aca82f6fddd89d table_id=events previous=Sync next=Ready
[2026-08-05T11:59:46Z INFO  server] connector peer disconnected from 127.0.0.1:58848 (active_connections=0)
[2026-08-05T11:59:46Z INFO  server] connector peer connected from 127.0.0.1:58849 (active_connections=1)
[2026-08-05T11:59:46Z INFO  server::core::control::connector_handler] server peer discovery row peer_id=perf-baseline-node local_node_addrs=["/ip4/127.0.0.1/tcp/19401"] peer_addrs=["/ip4/127.0.0.1/tcp/19401"]
[2026-08-05T11:59:46Z INFO  serverlib::engine::database::table] database entity status changed: kind=table entity_id=019fd1cb35c675e1b9aca82f6fddd89d table_id=events previous=Ready next=Lock
[2026-08-05T11:59:46Z INFO  serverlib::engine::database::table] database entity status changed: kind=table entity_id=019fd1cb35c675e1b9aca82f6fddd89d table_id=events previous=Lock next=Sync
[2026-08-05T11:59:46Z INFO  serverlib::engine::database::table] database entity status changed: kind=table entity_id=019fd1cb35c675e1b9aca82f6fddd89d table_id=events previous=Sync next=Ready
[2026-08-05T11:59:46Z INFO  server] connector peer disconnected from 127.0.0.1:58849 (active_connections=0)
[2026-08-05T11:59:46Z INFO  server] connector peer connected from 127.0.0.1:58850 (active_connections=1)
[2026-08-05T11:59:46Z INFO  server::core::control::connector_handler] server peer discovery row peer_id=perf-baseline-node local_node_addrs=["/ip4/127.0.0.1/tcp/19401"] peer_addrs=["/ip4/127.0.0.1/tcp/19401"]
[2026-08-05T11:59:46Z INFO  serverlib::engine::database::table] database entity status changed: kind=table entity_id=019fd1cb35c675e1b9aca82f6fddd89d table_id=events previous=Ready next=Lock
[2026-08-05T11:59:46Z INFO  serverlib::engine::database::table] database entity status changed: kind=table entity_id=019fd1cb35c675e1b9aca82f6fddd89d table_id=events previous=Lock next=Sync
[2026-08-05T11:59:46Z INFO  serverlib::engine::database::table] database entity status changed: kind=table entity_id=019fd1cb35c675e1b9aca82f6fddd89d table_id=events previous=Sync next=Ready
[2026-08-05T11:59:46Z INFO  server] connector peer disconnected from 127.0.0.1:58850 (active_connections=0)
[2026-08-05T11:59:46Z INFO  server] connector peer connected from 127.0.0.1:58851 (active_connections=1)
[2026-08-05T11:59:46Z INFO  server::core::control::connector_handler] server peer discovery row peer_id=perf-baseline-node local_node_addrs=["/ip4/127.0.0.1/tcp/19401"] peer_addrs=["/ip4/127.0.0.1/tcp/19401"]
[2026-08-05T11:59:46Z INFO  serverlib::engine::database::table] database entity status changed: kind=table entity_id=019fd1cb35c675e1b9aca82f6fddd89d table_id=events previous=Ready next=Lock
[2026-08-05T11:59:46Z INFO  serverlib::engine::database::table] database entity status changed: kind=table entity_id=019fd1cb35c675e1b9aca82f6fddd89d table_id=events previous=Lock next=Sync
[2026-08-05T11:59:46Z INFO  serverlib::engine::database::table] database entity status changed: kind=table entity_id=019fd1cb35c675e1b9aca82f6fddd89d table_id=events previous=Sync next=Ready
[2026-08-05T11:59:46Z INFO  server] connector peer disconnected from 127.0.0.1:58851 (active_connections=0)
[2026-08-05T11:59:46Z INFO  server] connector peer connected from 127.0.0.1:58852 (active_connections=1)
[2026-08-05T11:59:46Z INFO  server::core::control::connector_handler] server peer discovery row peer_id=perf-baseline-node local_node_addrs=["/ip4/127.0.0.1/tcp/19401"] peer_addrs=["/ip4/127.0.0.1/tcp/19401"]
[2026-08-05T11:59:46Z INFO  serverlib::engine::database::table] database entity status changed: kind=table entity_id=019fd1cb35c675e1b9aca82f6fddd89d table_id=events previous=Ready next=Lock
[2026-08-05T11:59:46Z INFO  serverlib::engine::database::table] database entity status changed: kind=table entity_id=019fd1cb35c675e1b9aca82f6fddd89d table_id=events previous=Lock next=Sync
[2026-08-05T11:59:46Z INFO  serverlib::engine::database::table] database entity status changed: kind=table entity_id=019fd1cb35c675e1b9aca82f6fddd89d table_id=events previous=Sync next=Ready
[2026-08-05T11:59:46Z INFO  server] connector peer disconnected from 127.0.0.1:58852 (active_connections=0)
[2026-08-05T11:59:46Z INFO  server] connector peer connected from 127.0.0.1:58853 (active_connections=1)
[2026-08-05T11:59:46Z INFO  server::core::control::connector_handler] server peer discovery row peer_id=perf-baseline-node local_node_addrs=["/ip4/127.0.0.1/tcp/19401"] peer_addrs=["/ip4/127.0.0.1/tcp/19401"]
[2026-08-05T11:59:46Z INFO  serverlib::engine::database::table] database entity status changed: kind=table entity_id=019fd1cb35c675e1b9aca82f6fddd89d table_id=events previous=Ready next=Lock
[2026-08-05T11:59:46Z INFO  serverlib::engine::database::table] database entity status changed: kind=table entity_id=019fd1cb35c675e1b9aca82f6fddd89d table_id=events previous=Lock next=Sync
[2026-08-05T11:59:46Z INFO  serverlib::engine::database::table] database entity status changed: kind=table entity_id=019fd1cb35c675e1b9aca82f6fddd89d table_id=events previous=Sync next=Ready
[2026-08-05T11:59:46Z INFO  server] connector peer disconnected from 127.0.0.1:58853 (active_connections=0)
[2026-08-05T11:59:46Z INFO  server] connector peer connected from 127.0.0.1:58854 (active_connections=1)
[2026-08-05T11:59:46Z INFO  server::core::control::connector_handler] server peer discovery row peer_id=perf-baseline-node local_node_addrs=["/ip4/127.0.0.1/tcp/19401"] peer_addrs=["/ip4/127.0.0.1/tcp/19401"]
[2026-08-05T11:59:46Z INFO  serverlib::engine::database::table] database entity status changed: kind=table entity_id=019fd1cb35c675e1b9aca82f6fddd89d table_id=events previous=Ready next=Lock
[2026-08-05T11:59:46Z INFO  serverlib::engine::database::table] database entity status changed: kind=table entity_id=019fd1cb35c675e1b9aca82f6fddd89d table_id=events previous=Lock next=Sync
[2026-08-05T11:59:46Z INFO  serverlib::engine::database::table] database entity status changed: kind=table entity_id=019fd1cb35c675e1b9aca82f6fddd89d table_id=events previous=Sync next=Ready
[2026-08-05T11:59:46Z INFO  server] connector peer disconnected from 127.0.0.1:58854 (active_connections=0)
[2026-08-05T11:59:46Z INFO  server] connector peer connected from 127.0.0.1:58855 (active_connections=1)
[2026-08-05T11:59:46Z INFO  server::core::control::connector_handler] server peer discovery row peer_id=perf-baseline-node local_node_addrs=["/ip4/127.0.0.1/tcp/19401"] peer_addrs=["/ip4/127.0.0.1/tcp/19401"]
[2026-08-05T11:59:46Z INFO  serverlib::engine::database::table] database entity status changed: kind=table entity_id=019fd1cb35c675e1b9aca82f6fddd89d table_id=events previous=Ready next=Lock
[2026-08-05T11:59:46Z INFO  serverlib::engine::database::table] database entity status changed: kind=table entity_id=019fd1cb35c675e1b9aca82f6fddd89d table_id=events previous=Lock next=Sync
[2026-08-05T11:59:46Z INFO  serverlib::engine::database::table] database entity status changed: kind=table entity_id=019fd1cb35c675e1b9aca82f6fddd89d table_id=events previous=Sync next=Ready
[2026-08-05T11:59:46Z INFO  server] connector peer disconnected from 127.0.0.1:58855 (active_connections=0)
[2026-08-05T11:59:46Z INFO  server] connector peer connected from 127.0.0.1:58856 (active_connections=1)
[2026-08-05T11:59:46Z INFO  server::core::control::connector_handler] server peer discovery row peer_id=perf-baseline-node local_node_addrs=["/ip4/127.0.0.1/tcp/19401"] peer_addrs=["/ip4/127.0.0.1/tcp/19401"]
[2026-08-05T11:59:46Z INFO  serverlib::engine::database::table] database entity status changed: kind=table entity_id=019fd1cb35c675e1b9aca82f6fddd89d table_id=events previous=Ready next=Lock
[2026-08-05T11:59:46Z INFO  serverlib::engine::database::table] database entity status changed: kind=table entity_id=019fd1cb35c675e1b9aca82f6fddd89d table_id=events previous=Lock next=Sync
[2026-08-05T11:59:46Z INFO  serverlib::engine::database::table] database entity status changed: kind=table entity_id=019fd1cb35c675e1b9aca82f6fddd89d table_id=events previous=Sync next=Ready
[2026-08-05T11:59:46Z INFO  server::core::mappings::query::core::mutation_ops] mutation diagnostics: table_write_guard table=events applied=true defer_finalize=false already_locked=false lock_ms=0 execute_ms=5 finalize_ms=0 total_ms=5
[2026-08-05T11:59:46Z INFO  server] connector peer disconnected from 127.0.0.1:58856 (active_connections=0)
[2026-08-05T11:59:46Z INFO  server] connector peer connected from 127.0.0.1:58857 (active_connections=1)
[2026-08-05T11:59:46Z INFO  server::core::control::connector_handler] server peer discovery row peer_id=perf-baseline-node local_node_addrs=["/ip4/127.0.0.1/tcp/19401"] peer_addrs=["/ip4/127.0.0.1/tcp/19401"]
[2026-08-05T11:59:46Z INFO  serverlib::engine::database::table] database entity status changed: kind=table entity_id=019fd1cb35c675e1b9aca82f6fddd89d table_id=events previous=Ready next=Lock
[2026-08-05T11:59:46Z INFO  serverlib::engine::database::table] database entity status changed: kind=table entity_id=019fd1cb35c675e1b9aca82f6fddd89d table_id=events previous=Lock next=Sync
[2026-08-05T11:59:46Z INFO  serverlib::engine::database::table] database entity status changed: kind=table entity_id=019fd1cb35c675e1b9aca82f6fddd89d table_id=events previous=Sync next=Ready
[2026-08-05T11:59:46Z INFO  server] connector peer disconnected from 127.0.0.1:58857 (active_connections=0)
[2026-08-05T11:59:46Z INFO  server] connector peer connected from 127.0.0.1:58858 (active_connections=1)
[2026-08-05T11:59:46Z INFO  server::core::control::connector_handler] server peer discovery row peer_id=perf-baseline-node local_node_addrs=["/ip4/127.0.0.1/tcp/19401"] peer_addrs=["/ip4/127.0.0.1/tcp/19401"]
[2026-08-05T11:59:46Z INFO  serverlib::engine::database::table] database entity status changed: kind=table entity_id=019fd1cb35c675e1b9aca82f6fddd89d table_id=events previous=Ready next=Lock
[2026-08-05T11:59:46Z INFO  serverlib::engine::database::table] database entity status changed: kind=table entity_id=019fd1cb35c675e1b9aca82f6fddd89d table_id=events previous=Lock next=Sync
[2026-08-05T11:59:46Z INFO  serverlib::engine::database::table] database entity status changed: kind=table entity_id=019fd1cb35c675e1b9aca82f6fddd89d table_id=events previous=Sync next=Ready
[2026-08-05T11:59:46Z INFO  server] connector peer disconnected from 127.0.0.1:58858 (active_connections=0)
[2026-08-05T11:59:46Z INFO  server] connector peer connected from 127.0.0.1:58859 (active_connections=1)
[2026-08-05T11:59:46Z INFO  server::core::control::connector_handler] server peer discovery row peer_id=perf-baseline-node local_node_addrs=["/ip4/127.0.0.1/tcp/19401"] peer_addrs=["/ip4/127.0.0.1/tcp/19401"]
[2026-08-05T11:59:46Z INFO  serverlib::engine::database::table] database entity status changed: kind=table entity_id=019fd1cb35c675e1b9aca82f6fddd89d table_id=events previous=Ready next=Lock
[2026-08-05T11:59:46Z INFO  serverlib::engine::database::table] database entity status changed: kind=table entity_id=019fd1cb35c675e1b9aca82f6fddd89d table_id=events previous=Lock next=Sync
[2026-08-05T11:59:46Z INFO  serverlib::engine::database::table] database entity status changed: kind=table entity_id=019fd1cb35c675e1b9aca82f6fddd89d table_id=events previous=Sync next=Ready
[2026-08-05T11:59:46Z INFO  server] connector peer disconnected from 127.0.0.1:58859 (active_connections=0)
[2026-08-05T11:59:46Z INFO  server] connector peer connected from 127.0.0.1:58860 (active_connections=1)
[2026-08-05T11:59:46Z INFO  server::core::control::connector_handler] server peer discovery row peer_id=perf-baseline-node local_node_addrs=["/ip4/127.0.0.1/tcp/19401"] peer_addrs=["/ip4/127.0.0.1/tcp/19401"]
[2026-08-05T11:59:46Z INFO  serverlib::engine::database::table] database entity status changed: kind=table entity_id=019fd1cb35c675e1b9aca82f6fddd89d table_id=events previous=Ready next=Lock
[2026-08-05T11:59:46Z INFO  serverlib::engine::database::table] database entity status changed: kind=table entity_id=019fd1cb35c675e1b9aca82f6fddd89d table_id=events previous=Lock next=Sync
[2026-08-05T11:59:46Z INFO  serverlib::engine::database::table] database entity status changed: kind=table entity_id=019fd1cb35c675e1b9aca82f6fddd89d table_id=events previous=Sync next=Ready
[2026-08-05T11:59:46Z INFO  server] connector peer disconnected from 127.0.0.1:58860 (active_connections=0)
[2026-08-05T11:59:46Z INFO  server] connector peer connected from 127.0.0.1:58861 (active_connections=1)
[2026-08-05T11:59:46Z INFO  server::core::control::connector_handler] server peer discovery row peer_id=perf-baseline-node local_node_addrs=["/ip4/127.0.0.1/tcp/19401"] peer_addrs=["/ip4/127.0.0.1/tcp/19401"]
[2026-08-05T11:59:47Z INFO  server] connector peer disconnected from 127.0.0.1:58861 (active_connections=0)
[2026-08-05T11:59:47Z INFO  server] connector peer connected from 127.0.0.1:58862 (active_connections=1)
[2026-08-05T11:59:47Z INFO  server::core::control::connector_handler] server peer discovery row peer_id=perf-baseline-node local_node_addrs=["/ip4/127.0.0.1/tcp/19401"] peer_addrs=["/ip4/127.0.0.1/tcp/19401"]
[2026-08-05T11:59:47Z INFO  server] connector peer disconnected from 127.0.0.1:58862 (active_connections=0)
[2026-08-05T11:59:47Z INFO  server] connector peer connected from 127.0.0.1:58863 (active_connections=1)
[2026-08-05T11:59:47Z INFO  server::core::control::connector_handler] server peer discovery row peer_id=perf-baseline-node local_node_addrs=["/ip4/127.0.0.1/tcp/19401"] peer_addrs=["/ip4/127.0.0.1/tcp/19401"]
[2026-08-05T11:59:47Z INFO  server] connector peer disconnected from 127.0.0.1:58863 (active_connections=0)
[2026-08-05T11:59:47Z INFO  server] connector peer connected from 127.0.0.1:58864 (active_connections=1)
[2026-08-05T11:59:47Z INFO  server::core::control::connector_handler] server peer discovery row peer_id=perf-baseline-node local_node_addrs=["/ip4/127.0.0.1/tcp/19401"] peer_addrs=["/ip4/127.0.0.1/tcp/19401"]
[2026-08-05T11:59:47Z INFO  server] connector peer disconnected from 127.0.0.1:58864 (active_connections=0)
[2026-08-05T11:59:47Z INFO  server] connector peer connected from 127.0.0.1:58865 (active_connections=1)
[2026-08-05T11:59:47Z INFO  server::core::control::connector_handler] server peer discovery row peer_id=perf-baseline-node local_node_addrs=["/ip4/127.0.0.1/tcp/19401"] peer_addrs=["/ip4/127.0.0.1/tcp/19401"]
[2026-08-05T11:59:47Z INFO  server] connector peer disconnected from 127.0.0.1:58865 (active_connections=0)
[2026-08-05T11:59:47Z INFO  server] connector peer connected from 127.0.0.1:58866 (active_connections=1)
[2026-08-05T11:59:47Z INFO  server::core::control::connector_handler] server peer discovery row peer_id=perf-baseline-node local_node_addrs=["/ip4/127.0.0.1/tcp/19401"] peer_addrs=["/ip4/127.0.0.1/tcp/19401"]
[2026-08-05T11:59:47Z INFO  server] connector peer disconnected from 127.0.0.1:58866 (active_connections=0)
[2026-08-05T11:59:47Z INFO  server] connector peer connected from 127.0.0.1:58867 (active_connections=1)
[2026-08-05T11:59:47Z INFO  server::core::control::connector_handler] server peer discovery row peer_id=perf-baseline-node local_node_addrs=["/ip4/127.0.0.1/tcp/19401"] peer_addrs=["/ip4/127.0.0.1/tcp/19401"]
[2026-08-05T11:59:47Z INFO  server] connector peer disconnected from 127.0.0.1:58867 (active_connections=0)
[2026-08-05T11:59:47Z INFO  server] connector peer connected from 127.0.0.1:58868 (active_connections=1)
[2026-08-05T11:59:47Z INFO  server::core::control::connector_handler] server peer discovery row peer_id=perf-baseline-node local_node_addrs=["/ip4/127.0.0.1/tcp/19401"] peer_addrs=["/ip4/127.0.0.1/tcp/19401"]
[2026-08-05T11:59:47Z INFO  server] connector peer disconnected from 127.0.0.1:58868 (active_connections=0)
[2026-08-05T11:59:47Z INFO  server] connector peer connected from 127.0.0.1:58869 (active_connections=1)
[2026-08-05T11:59:47Z INFO  server::core::control::connector_handler] server peer discovery row peer_id=perf-baseline-node local_node_addrs=["/ip4/127.0.0.1/tcp/19401"] peer_addrs=["/ip4/127.0.0.1/tcp/19401"]
[2026-08-05T11:59:47Z INFO  server] connector peer disconnected from 127.0.0.1:58869 (active_connections=0)
[2026-08-05T11:59:47Z INFO  server] connector peer connected from 127.0.0.1:58870 (active_connections=1)
[2026-08-05T11:59:47Z INFO  server::core::control::connector_handler] server peer discovery row peer_id=perf-baseline-node local_node_addrs=["/ip4/127.0.0.1/tcp/19401"] peer_addrs=["/ip4/127.0.0.1/tcp/19401"]
[2026-08-05T11:59:47Z INFO  server] connector peer disconnected from 127.0.0.1:58870 (active_connections=0)
[2026-08-05T11:59:47Z INFO  server] connector peer connected from 127.0.0.1:58871 (active_connections=1)
[2026-08-05T11:59:47Z INFO  server::core::control::connector_handler] server peer discovery row peer_id=perf-baseline-node local_node_addrs=["/ip4/127.0.0.1/tcp/19401"] peer_addrs=["/ip4/127.0.0.1/tcp/19401"]
[2026-08-05T11:59:47Z INFO  server] connector peer disconnected from 127.0.0.1:58871 (active_connections=0)
[2026-08-05T11:59:47Z INFO  server] connector peer connected from 127.0.0.1:58872 (active_connections=1)
[2026-08-05T11:59:47Z INFO  server::core::control::connector_handler] server peer discovery row peer_id=perf-baseline-node local_node_addrs=["/ip4/127.0.0.1/tcp/19401"] peer_addrs=["/ip4/127.0.0.1/tcp/19401"]
[2026-08-05T11:59:47Z INFO  server] connector peer disconnected from 127.0.0.1:58872 (active_connections=0)
[2026-08-05T11:59:47Z INFO  server] connector peer connected from 127.0.0.1:58874 (active_connections=1)
[2026-08-05T11:59:47Z INFO  server::core::control::connector_handler] server peer discovery row peer_id=perf-baseline-node local_node_addrs=["/ip4/127.0.0.1/tcp/19401"] peer_addrs=["/ip4/127.0.0.1/tcp/19401"]
[2026-08-05T11:59:47Z INFO  server] connector peer disconnected from 127.0.0.1:58874 (active_connections=0)
[2026-08-05T11:59:47Z INFO  server] connector peer connected from 127.0.0.1:58875 (active_connections=1)
[2026-08-05T11:59:47Z INFO  server::core::control::connector_handler] server peer discovery row peer_id=perf-baseline-node local_node_addrs=["/ip4/127.0.0.1/tcp/19401"] peer_addrs=["/ip4/127.0.0.1/tcp/19401"]
[2026-08-05T11:59:47Z INFO  server] connector peer disconnected from 127.0.0.1:58875 (active_connections=0)
[2026-08-05T11:59:47Z INFO  server] connector peer connected from 127.0.0.1:58876 (active_connections=1)
[2026-08-05T11:59:47Z INFO  server::core::control::connector_handler] server peer discovery row peer_id=perf-baseline-node local_node_addrs=["/ip4/127.0.0.1/tcp/19401"] peer_addrs=["/ip4/127.0.0.1/tcp/19401"]
[2026-08-05T11:59:47Z INFO  server] connector peer disconnected from 127.0.0.1:58876 (active_connections=0)
[2026-08-05T11:59:47Z INFO  server] connector peer connected from 127.0.0.1:58877 (active_connections=1)
[2026-08-05T11:59:47Z INFO  server::core::control::connector_handler] server peer discovery row peer_id=perf-baseline-node local_node_addrs=["/ip4/127.0.0.1/tcp/19401"] peer_addrs=["/ip4/127.0.0.1/tcp/19401"]
[2026-08-05T11:59:47Z INFO  server] connector peer disconnected from 127.0.0.1:58877 (active_connections=0)
[2026-08-05T11:59:47Z INFO  server] connector peer connected from 127.0.0.1:58878 (active_connections=1)
[2026-08-05T11:59:47Z INFO  server::core::control::connector_handler] server peer discovery row peer_id=perf-baseline-node local_node_addrs=["/ip4/127.0.0.1/tcp/19401"] peer_addrs=["/ip4/127.0.0.1/tcp/19401"]
[2026-08-05T11:59:47Z INFO  server] connector peer disconnected from 127.0.0.1:58878 (active_connections=0)
[2026-08-05T11:59:47Z INFO  server] connector peer connected from 127.0.0.1:58879 (active_connections=1)
[2026-08-05T11:59:47Z INFO  server::core::control::connector_handler] server peer discovery row peer_id=perf-baseline-node local_node_addrs=["/ip4/127.0.0.1/tcp/19401"] peer_addrs=["/ip4/127.0.0.1/tcp/19401"]
[2026-08-05T11:59:47Z INFO  server] connector peer disconnected from 127.0.0.1:58879 (active_connections=0)
[2026-08-05T11:59:47Z INFO  server] connector peer connected from 127.0.0.1:58880 (active_connections=1)
[2026-08-05T11:59:47Z INFO  server::core::control::connector_handler] server peer discovery row peer_id=perf-baseline-node local_node_addrs=["/ip4/127.0.0.1/tcp/19401"] peer_addrs=["/ip4/127.0.0.1/tcp/19401"]
[2026-08-05T11:59:47Z INFO  server] connector peer disconnected from 127.0.0.1:58880 (active_connections=0)
[2026-08-05T11:59:47Z INFO  server] connector peer connected from 127.0.0.1:58881 (active_connections=1)
[2026-08-05T11:59:47Z INFO  server::core::control::connector_handler] server peer discovery row peer_id=perf-baseline-node local_node_addrs=["/ip4/127.0.0.1/tcp/19401"] peer_addrs=["/ip4/127.0.0.1/tcp/19401"]
[2026-08-05T11:59:47Z INFO  server] connector peer disconnected from 127.0.0.1:58881 (active_connections=0)
[2026-08-05T11:59:47Z INFO  server] connector peer connected from 127.0.0.1:58882 (active_connections=1)
[2026-08-05T11:59:47Z INFO  server::core::control::connector_handler] server peer discovery row peer_id=perf-baseline-node local_node_addrs=["/ip4/127.0.0.1/tcp/19401"] peer_addrs=["/ip4/127.0.0.1/tcp/19401"]
[2026-08-05T11:59:47Z INFO  server] connector peer disconnected from 127.0.0.1:58882 (active_connections=0)
[2026-08-05T11:59:47Z INFO  server] connector peer connected from 127.0.0.1:58883 (active_connections=1)
[2026-08-05T11:59:47Z INFO  server::core::control::connector_handler] server peer discovery row peer_id=perf-baseline-node local_node_addrs=["/ip4/127.0.0.1/tcp/19401"] peer_addrs=["/ip4/127.0.0.1/tcp/19401"]
[2026-08-05T11:59:47Z INFO  server] connector peer disconnected from 127.0.0.1:58883 (active_connections=0)
[2026-08-05T11:59:47Z INFO  server] connector peer connected from 127.0.0.1:58884 (active_connections=1)
[2026-08-05T11:59:47Z INFO  server::core::control::connector_handler] server peer discovery row peer_id=perf-baseline-node local_node_addrs=["/ip4/127.0.0.1/tcp/19401"] peer_addrs=["/ip4/127.0.0.1/tcp/19401"]
[2026-08-05T11:59:47Z INFO  server] connector peer disconnected from 127.0.0.1:58884 (active_connections=0)
[2026-08-05T11:59:47Z INFO  server] connector peer connected from 127.0.0.1:58885 (active_connections=1)
[2026-08-05T11:59:47Z INFO  server::core::control::connector_handler] server peer discovery row peer_id=perf-baseline-node local_node_addrs=["/ip4/127.0.0.1/tcp/19401"] peer_addrs=["/ip4/127.0.0.1/tcp/19401"]
[2026-08-05T11:59:47Z INFO  server] connector peer disconnected from 127.0.0.1:58885 (active_connections=0)
[2026-08-05T11:59:47Z INFO  server] connector peer connected from 127.0.0.1:58886 (active_connections=1)
[2026-08-05T11:59:47Z INFO  server::core::control::connector_handler] server peer discovery row peer_id=perf-baseline-node local_node_addrs=["/ip4/127.0.0.1/tcp/19401"] peer_addrs=["/ip4/127.0.0.1/tcp/19401"]
[2026-08-05T11:59:47Z INFO  server] connector peer disconnected from 127.0.0.1:58886 (active_connections=0)
[2026-08-05T11:59:47Z INFO  server] connector peer connected from 127.0.0.1:58887 (active_connections=1)
[2026-08-05T11:59:47Z INFO  server::core::control::connector_handler] server peer discovery row peer_id=perf-baseline-node local_node_addrs=["/ip4/127.0.0.1/tcp/19401"] peer_addrs=["/ip4/127.0.0.1/tcp/19401"]
[2026-08-05T11:59:47Z INFO  server] connector peer disconnected from 127.0.0.1:58887 (active_connections=0)
[2026-08-05T11:59:47Z INFO  server] connector peer connected from 127.0.0.1:58888 (active_connections=1)
[2026-08-05T11:59:47Z INFO  server::core::control::connector_handler] server peer discovery row peer_id=perf-baseline-node local_node_addrs=["/ip4/127.0.0.1/tcp/19401"] peer_addrs=["/ip4/127.0.0.1/tcp/19401"]
[2026-08-05T11:59:47Z INFO  server] connector peer disconnected from 127.0.0.1:58888 (active_connections=0)
[2026-08-05T11:59:47Z INFO  server] connector peer connected from 127.0.0.1:58889 (active_connections=1)
[2026-08-05T11:59:47Z INFO  server::core::control::connector_handler] server peer discovery row peer_id=perf-baseline-node local_node_addrs=["/ip4/127.0.0.1/tcp/19401"] peer_addrs=["/ip4/127.0.0.1/tcp/19401"]
[2026-08-05T11:59:47Z INFO  server] connector peer disconnected from 127.0.0.1:58889 (active_connections=0)
[2026-08-05T11:59:48Z INFO  server] connector peer connected from 127.0.0.1:58890 (active_connections=1)
[2026-08-05T11:59:48Z INFO  server::core::control::connector_handler] server peer discovery row peer_id=perf-baseline-node local_node_addrs=["/ip4/127.0.0.1/tcp/19401"] peer_addrs=["/ip4/127.0.0.1/tcp/19401"]
[2026-08-05T11:59:48Z INFO  server] connector peer disconnected from 127.0.0.1:58890 (active_connections=0)
[2026-08-05T11:59:48Z INFO  server] connector peer connected from 127.0.0.1:58891 (active_connections=1)
[2026-08-05T11:59:48Z INFO  server::core::control::connector_handler] server peer discovery row peer_id=perf-baseline-node local_node_addrs=["/ip4/127.0.0.1/tcp/19401"] peer_addrs=["/ip4/127.0.0.1/tcp/19401"]
[2026-08-05T11:59:48Z INFO  server] connector peer disconnected from 127.0.0.1:58891 (active_connections=0)
[2026-08-05T11:59:48Z INFO  server] connector peer connected from 127.0.0.1:58892 (active_connections=1)
[2026-08-05T11:59:48Z INFO  server::core::control::connector_handler] server peer discovery row peer_id=perf-baseline-node local_node_addrs=["/ip4/127.0.0.1/tcp/19401"] peer_addrs=["/ip4/127.0.0.1/tcp/19401"]
[2026-08-05T11:59:48Z INFO  server] connector peer disconnected from 127.0.0.1:58892 (active_connections=0)
[2026-08-05T11:59:48Z INFO  server] connector peer connected from 127.0.0.1:58893 (active_connections=1)
[2026-08-05T11:59:48Z INFO  server::core::control::connector_handler] server peer discovery row peer_id=perf-baseline-node local_node_addrs=["/ip4/127.0.0.1/tcp/19401"] peer_addrs=["/ip4/127.0.0.1/tcp/19401"]
[2026-08-05T11:59:48Z INFO  server] connector peer disconnected from 127.0.0.1:58893 (active_connections=0)
[2026-08-05T11:59:48Z INFO  server] connector peer connected from 127.0.0.1:58894 (active_connections=1)
[2026-08-05T11:59:48Z INFO  server::core::control::connector_handler] server peer discovery row peer_id=perf-baseline-node local_node_addrs=["/ip4/127.0.0.1/tcp/19401"] peer_addrs=["/ip4/127.0.0.1/tcp/19401"]
[2026-08-05T11:59:48Z INFO  server] connector peer disconnected from 127.0.0.1:58894 (active_connections=0)
[2026-08-05T11:59:48Z INFO  server] connector peer connected from 127.0.0.1:58895 (active_connections=1)
[2026-08-05T11:59:48Z INFO  server::core::control::connector_handler] server peer discovery row peer_id=perf-baseline-node local_node_addrs=["/ip4/127.0.0.1/tcp/19401"] peer_addrs=["/ip4/127.0.0.1/tcp/19401"]
[2026-08-05T11:59:48Z INFO  server] connector peer disconnected from 127.0.0.1:58895 (active_connections=0)
[2026-08-05T11:59:48Z INFO  server] connector peer connected from 127.0.0.1:58896 (active_connections=1)
[2026-08-05T11:59:48Z INFO  server::core::control::connector_handler] server peer discovery row peer_id=perf-baseline-node local_node_addrs=["/ip4/127.0.0.1/tcp/19401"] peer_addrs=["/ip4/127.0.0.1/tcp/19401"]
[2026-08-05T11:59:48Z INFO  server] connector peer disconnected from 127.0.0.1:58896 (active_connections=0)
[2026-08-05T11:59:48Z INFO  server] connector peer connected from 127.0.0.1:58897 (active_connections=1)
[2026-08-05T11:59:48Z INFO  server::core::control::connector_handler] server peer discovery row peer_id=perf-baseline-node local_node_addrs=["/ip4/127.0.0.1/tcp/19401"] peer_addrs=["/ip4/127.0.0.1/tcp/19401"]
[2026-08-05T11:59:48Z INFO  server] connector peer disconnected from 127.0.0.1:58897 (active_connections=0)
[2026-08-05T11:59:48Z INFO  server] connector peer connected from 127.0.0.1:58898 (active_connections=1)
[2026-08-05T11:59:48Z INFO  server::core::control::connector_handler] server peer discovery row peer_id=perf-baseline-node local_node_addrs=["/ip4/127.0.0.1/tcp/19401"] peer_addrs=["/ip4/127.0.0.1/tcp/19401"]
[2026-08-05T11:59:48Z INFO  server] connector peer disconnected from 127.0.0.1:58898 (active_connections=0)
[2026-08-05T11:59:48Z INFO  server] connector peer connected from 127.0.0.1:58899 (active_connections=1)
[2026-08-05T11:59:48Z INFO  server::core::control::connector_handler] server peer discovery row peer_id=perf-baseline-node local_node_addrs=["/ip4/127.0.0.1/tcp/19401"] peer_addrs=["/ip4/127.0.0.1/tcp/19401"]
[2026-08-05T11:59:48Z INFO  server] connector peer disconnected from 127.0.0.1:58899 (active_connections=0)
[2026-08-05T11:59:48Z INFO  server] connector peer connected from 127.0.0.1:58900 (active_connections=1)
[2026-08-05T11:59:48Z INFO  server::core::control::connector_handler] server peer discovery row peer_id=perf-baseline-node local_node_addrs=["/ip4/127.0.0.1/tcp/19401"] peer_addrs=["/ip4/127.0.0.1/tcp/19401"]
[2026-08-05T11:59:48Z INFO  server] connector peer disconnected from 127.0.0.1:58900 (active_connections=0)
[2026-08-05T11:59:48Z INFO  server] connector peer connected from 127.0.0.1:58901 (active_connections=1)
[2026-08-05T11:59:48Z INFO  server::core::control::connector_handler] server peer discovery row peer_id=perf-baseline-node local_node_addrs=["/ip4/127.0.0.1/tcp/19401"] peer_addrs=["/ip4/127.0.0.1/tcp/19401"]
[2026-08-05T11:59:48Z INFO  server] connector peer disconnected from 127.0.0.1:58901 (active_connections=0)
[2026-08-05T11:59:48Z INFO  server] connector peer connected from 127.0.0.1:58902 (active_connections=1)
[2026-08-05T11:59:48Z INFO  server::core::control::connector_handler] server peer discovery row peer_id=perf-baseline-node local_node_addrs=["/ip4/127.0.0.1/tcp/19401"] peer_addrs=["/ip4/127.0.0.1/tcp/19401"]
[2026-08-05T11:59:48Z INFO  server] connector peer disconnected from 127.0.0.1:58902 (active_connections=0)
[2026-08-05T11:59:48Z INFO  server] connector peer connected from 127.0.0.1:58903 (active_connections=1)
[2026-08-05T11:59:48Z INFO  server::core::control::connector_handler] server peer discovery row peer_id=perf-baseline-node local_node_addrs=["/ip4/127.0.0.1/tcp/19401"] peer_addrs=["/ip4/127.0.0.1/tcp/19401"]
[2026-08-05T11:59:48Z INFO  server] connector peer disconnected from 127.0.0.1:58903 (active_connections=0)
[2026-08-05T11:59:48Z INFO  server] connector peer connected from 127.0.0.1:58904 (active_connections=1)
[2026-08-05T11:59:48Z INFO  server::core::control::connector_handler] server peer discovery row peer_id=perf-baseline-node local_node_addrs=["/ip4/127.0.0.1/tcp/19401"] peer_addrs=["/ip4/127.0.0.1/tcp/19401"]
[2026-08-05T11:59:48Z INFO  server] connector peer disconnected from 127.0.0.1:58904 (active_connections=0)
[2026-08-05T11:59:48Z INFO  server] connector peer connected from 127.0.0.1:58905 (active_connections=1)
[2026-08-05T11:59:48Z INFO  server::core::control::connector_handler] server peer discovery row peer_id=perf-baseline-node local_node_addrs=["/ip4/127.0.0.1/tcp/19401"] peer_addrs=["/ip4/127.0.0.1/tcp/19401"]
[2026-08-05T11:59:48Z INFO  server] connector peer disconnected from 127.0.0.1:58905 (active_connections=0)
[2026-08-05T11:59:48Z INFO  server] connector peer connected from 127.0.0.1:58906 (active_connections=1)
[2026-08-05T11:59:48Z INFO  server::core::control::connector_handler] server peer discovery row peer_id=perf-baseline-node local_node_addrs=["/ip4/127.0.0.1/tcp/19401"] peer_addrs=["/ip4/127.0.0.1/tcp/19401"]
[2026-08-05T11:59:48Z INFO  server] connector peer disconnected from 127.0.0.1:58906 (active_connections=0)
[2026-08-05T11:59:48Z INFO  server] connector peer connected from 127.0.0.1:58907 (active_connections=1)
[2026-08-05T11:59:48Z INFO  server::core::control::connector_handler] server peer discovery row peer_id=perf-baseline-node local_node_addrs=["/ip4/127.0.0.1/tcp/19401"] peer_addrs=["/ip4/127.0.0.1/tcp/19401"]
[2026-08-05T11:59:48Z INFO  server] connector peer disconnected from 127.0.0.1:58907 (active_connections=0)
[2026-08-05T11:59:48Z INFO  server] connector peer connected from 127.0.0.1:58908 (active_connections=1)
[2026-08-05T11:59:48Z INFO  server::core::control::connector_handler] server peer discovery row peer_id=perf-baseline-node local_node_addrs=["/ip4/127.0.0.1/tcp/19401"] peer_addrs=["/ip4/127.0.0.1/tcp/19401"]
[2026-08-05T11:59:48Z INFO  server] connector peer disconnected from 127.0.0.1:58908 (active_connections=0)
[2026-08-05T11:59:48Z INFO  server] connector peer connected from 127.0.0.1:58909 (active_connections=1)
[2026-08-05T11:59:48Z INFO  server::core::control::connector_handler] server peer discovery row peer_id=perf-baseline-node local_node_addrs=["/ip4/127.0.0.1/tcp/19401"] peer_addrs=["/ip4/127.0.0.1/tcp/19401"]
[2026-08-05T11:59:48Z INFO  server] connector peer disconnected from 127.0.0.1:58909 (active_connections=0)
[2026-08-05T11:59:48Z INFO  server] connector peer connected from 127.0.0.1:58910 (active_connections=1)
[2026-08-05T11:59:48Z INFO  server::core::control::connector_handler] server peer discovery row peer_id=perf-baseline-node local_node_addrs=["/ip4/127.0.0.1/tcp/19401"] peer_addrs=["/ip4/127.0.0.1/tcp/19401"]
[2026-08-05T11:59:48Z INFO  server] connector peer disconnected from 127.0.0.1:58910 (active_connections=0)
[2026-08-05T11:59:48Z INFO  server] connector peer connected from 127.0.0.1:58911 (active_connections=1)
[2026-08-05T11:59:48Z INFO  server::core::control::connector_handler] server peer discovery row peer_id=perf-baseline-node local_node_addrs=["/ip4/127.0.0.1/tcp/19401"] peer_addrs=["/ip4/127.0.0.1/tcp/19401"]
[2026-08-05T11:59:48Z INFO  server] connector peer disconnected from 127.0.0.1:58911 (active_connections=0)
[2026-08-05T11:59:48Z INFO  server] connector peer connected from 127.0.0.1:58912 (active_connections=1)
[2026-08-05T11:59:48Z INFO  server::core::control::connector_handler] server peer discovery row peer_id=perf-baseline-node local_node_addrs=["/ip4/127.0.0.1/tcp/19401"] peer_addrs=["/ip4/127.0.0.1/tcp/19401"]
[2026-08-05T11:59:48Z INFO  server] connector peer disconnected from 127.0.0.1:58912 (active_connections=0)
[2026-08-05T11:59:48Z INFO  server] connector peer connected from 127.0.0.1:58913 (active_connections=1)
[2026-08-05T11:59:48Z INFO  server::core::control::connector_handler] server peer discovery row peer_id=perf-baseline-node local_node_addrs=["/ip4/127.0.0.1/tcp/19401"] peer_addrs=["/ip4/127.0.0.1/tcp/19401"]
[2026-08-05T11:59:48Z INFO  server] connector peer disconnected from 127.0.0.1:58913 (active_connections=0)
[2026-08-05T11:59:48Z INFO  server] connector peer connected from 127.0.0.1:58914 (active_connections=1)
[2026-08-05T11:59:48Z INFO  server::core::control::connector_handler] server peer discovery row peer_id=perf-baseline-node local_node_addrs=["/ip4/127.0.0.1/tcp/19401"] peer_addrs=["/ip4/127.0.0.1/tcp/19401"]
[2026-08-05T11:59:48Z INFO  server] connector peer disconnected from 127.0.0.1:58914 (active_connections=0)
[2026-08-05T11:59:48Z INFO  server] connector peer connected from 127.0.0.1:58915 (active_connections=1)
[2026-08-05T11:59:48Z INFO  server::core::control::connector_handler] server peer discovery row peer_id=perf-baseline-node local_node_addrs=["/ip4/127.0.0.1/tcp/19401"] peer_addrs=["/ip4/127.0.0.1/tcp/19401"]
[2026-08-05T11:59:48Z INFO  server] connector peer disconnected from 127.0.0.1:58915 (active_connections=0)
[2026-08-05T11:59:48Z INFO  server] connector peer connected from 127.0.0.1:58916 (active_connections=1)
[2026-08-05T11:59:48Z INFO  server::core::control::connector_handler] server peer discovery row peer_id=perf-baseline-node local_node_addrs=["/ip4/127.0.0.1/tcp/19401"] peer_addrs=["/ip4/127.0.0.1/tcp/19401"]
[2026-08-05T11:59:48Z INFO  server] connector peer disconnected from 127.0.0.1:58916 (active_connections=0)
[2026-08-05T11:59:48Z INFO  server] connector peer connected from 127.0.0.1:58917 (active_connections=1)
[2026-08-05T11:59:48Z INFO  server::core::control::connector_handler] server peer discovery row peer_id=perf-baseline-node local_node_addrs=["/ip4/127.0.0.1/tcp/19401"] peer_addrs=["/ip4/127.0.0.1/tcp/19401"]
[2026-08-05T11:59:48Z INFO  server] connector peer disconnected from 127.0.0.1:58917 (active_connections=0)
[2026-08-05T11:59:48Z INFO  server] connector peer connected from 127.0.0.1:58918 (active_connections=1)
[2026-08-05T11:59:48Z INFO  server::core::control::connector_handler] server peer discovery row peer_id=perf-baseline-node local_node_addrs=["/ip4/127.0.0.1/tcp/19401"] peer_addrs=["/ip4/127.0.0.1/tcp/19401"]
[2026-08-05T11:59:48Z INFO  server] connector peer disconnected from 127.0.0.1:58918 (active_connections=0)
[2026-08-05T11:59:49Z INFO  server] connector peer connected from 127.0.0.1:58919 (active_connections=1)
[2026-08-05T11:59:49Z INFO  server::core::control::connector_handler] server peer discovery row peer_id=perf-baseline-node local_node_addrs=["/ip4/127.0.0.1/tcp/19401"] peer_addrs=["/ip4/127.0.0.1/tcp/19401"]
[2026-08-05T11:59:49Z INFO  server] connector peer disconnected from 127.0.0.1:58919 (active_connections=0)
[2026-08-05T11:59:49Z INFO  server] connector peer connected from 127.0.0.1:58920 (active_connections=1)
[2026-08-05T11:59:49Z INFO  server::core::control::connector_handler] server peer discovery row peer_id=perf-baseline-node local_node_addrs=["/ip4/127.0.0.1/tcp/19401"] peer_addrs=["/ip4/127.0.0.1/tcp/19401"]
[2026-08-05T11:59:49Z INFO  server] connector peer disconnected from 127.0.0.1:58920 (active_connections=0)
[2026-08-05T11:59:49Z INFO  server] connector peer connected from 127.0.0.1:58921 (active_connections=1)
[2026-08-05T11:59:49Z INFO  server::core::control::connector_handler] server peer discovery row peer_id=perf-baseline-node local_node_addrs=["/ip4/127.0.0.1/tcp/19401"] peer_addrs=["/ip4/127.0.0.1/tcp/19401"]
[2026-08-05T11:59:49Z INFO  server] connector peer disconnected from 127.0.0.1:58921 (active_connections=0)
[2026-08-05T11:59:49Z INFO  server] connector peer connected from 127.0.0.1:58922 (active_connections=1)
[2026-08-05T11:59:49Z INFO  server::core::control::connector_handler] server peer discovery row peer_id=perf-baseline-node local_node_addrs=["/ip4/127.0.0.1/tcp/19401"] peer_addrs=["/ip4/127.0.0.1/tcp/19401"]
[2026-08-05T11:59:49Z INFO  server] connector peer disconnected from 127.0.0.1:58922 (active_connections=0)
[2026-08-05T11:59:49Z INFO  server] connector peer connected from 127.0.0.1:58923 (active_connections=1)
[2026-08-05T11:59:49Z INFO  server::core::control::connector_handler] server peer discovery row peer_id=perf-baseline-node local_node_addrs=["/ip4/127.0.0.1/tcp/19401"] peer_addrs=["/ip4/127.0.0.1/tcp/19401"]
[2026-08-05T11:59:49Z INFO  server] connector peer disconnected from 127.0.0.1:58923 (active_connections=0)
[2026-08-05T11:59:49Z INFO  server] connector peer connected from 127.0.0.1:58924 (active_connections=1)
[2026-08-05T11:59:49Z INFO  server::core::control::connector_handler] server peer discovery row peer_id=perf-baseline-node local_node_addrs=["/ip4/127.0.0.1/tcp/19401"] peer_addrs=["/ip4/127.0.0.1/tcp/19401"]
[2026-08-05T11:59:49Z INFO  server] connector peer disconnected from 127.0.0.1:58924 (active_connections=0)
[2026-08-05T11:59:49Z INFO  server] connector peer connected from 127.0.0.1:58925 (active_connections=1)
[2026-08-05T11:59:49Z INFO  server::core::control::connector_handler] server peer discovery row peer_id=perf-baseline-node local_node_addrs=["/ip4/127.0.0.1/tcp/19401"] peer_addrs=["/ip4/127.0.0.1/tcp/19401"]
[2026-08-05T11:59:49Z INFO  server] connector peer disconnected from 127.0.0.1:58925 (active_connections=0)
[2026-08-05T11:59:49Z INFO  server] connector peer connected from 127.0.0.1:58926 (active_connections=1)
[2026-08-05T11:59:49Z INFO  server::core::control::connector_handler] server peer discovery row peer_id=perf-baseline-node local_node_addrs=["/ip4/127.0.0.1/tcp/19401"] peer_addrs=["/ip4/127.0.0.1/tcp/19401"]
[2026-08-05T11:59:49Z INFO  server] connector peer disconnected from 127.0.0.1:58926 (active_connections=0)
[2026-08-05T11:59:49Z INFO  server] connector peer connected from 127.0.0.1:58927 (active_connections=1)
[2026-08-05T11:59:49Z INFO  server::core::control::connector_handler] server peer discovery row peer_id=perf-baseline-node local_node_addrs=["/ip4/127.0.0.1/tcp/19401"] peer_addrs=["/ip4/127.0.0.1/tcp/19401"]
[2026-08-05T11:59:49Z INFO  server] connector peer disconnected from 127.0.0.1:58927 (active_connections=0)
[2026-08-05T11:59:49Z INFO  server] connector peer connected from 127.0.0.1:58928 (active_connections=1)
[2026-08-05T11:59:49Z INFO  server::core::control::connector_handler] server peer discovery row peer_id=perf-baseline-node local_node_addrs=["/ip4/127.0.0.1/tcp/19401"] peer_addrs=["/ip4/127.0.0.1/tcp/19401"]
[2026-08-05T11:59:49Z INFO  server] connector peer disconnected from 127.0.0.1:58928 (active_connections=0)
[2026-08-05T11:59:49Z INFO  server] connector peer connected from 127.0.0.1:58929 (active_connections=1)
[2026-08-05T11:59:49Z INFO  server::core::control::connector_handler] server peer discovery row peer_id=perf-baseline-node local_node_addrs=["/ip4/127.0.0.1/tcp/19401"] peer_addrs=["/ip4/127.0.0.1/tcp/19401"]
[2026-08-05T11:59:49Z INFO  server] connector peer disconnected from 127.0.0.1:58929 (active_connections=0)
[2026-08-05T11:59:49Z INFO  server] connector peer connected from 127.0.0.1:58930 (active_connections=1)
[2026-08-05T11:59:49Z INFO  server::core::control::connector_handler] server peer discovery row peer_id=perf-baseline-node local_node_addrs=["/ip4/127.0.0.1/tcp/19401"] peer_addrs=["/ip4/127.0.0.1/tcp/19401"]
[2026-08-05T11:59:49Z INFO  server] connector peer disconnected from 127.0.0.1:58930 (active_connections=0)
[2026-08-05T11:59:49Z INFO  server] connector peer connected from 127.0.0.1:58931 (active_connections=1)
[2026-08-05T11:59:49Z INFO  server::core::control::connector_handler] server peer discovery row peer_id=perf-baseline-node local_node_addrs=["/ip4/127.0.0.1/tcp/19401"] peer_addrs=["/ip4/127.0.0.1/tcp/19401"]
[2026-08-05T11:59:49Z INFO  server] connector peer disconnected from 127.0.0.1:58931 (active_connections=0)
[2026-08-05T11:59:49Z INFO  server] connector peer connected from 127.0.0.1:58932 (active_connections=1)
[2026-08-05T11:59:49Z INFO  server::core::control::connector_handler] server peer discovery row peer_id=perf-baseline-node local_node_addrs=["/ip4/127.0.0.1/tcp/19401"] peer_addrs=["/ip4/127.0.0.1/tcp/19401"]
[2026-08-05T11:59:49Z INFO  server] connector peer disconnected from 127.0.0.1:58932 (active_connections=0)
[2026-08-05T11:59:49Z INFO  server] connector peer connected from 127.0.0.1:58933 (active_connections=1)
[2026-08-05T11:59:49Z INFO  server::core::control::connector_handler] server peer discovery row peer_id=perf-baseline-node local_node_addrs=["/ip4/127.0.0.1/tcp/19401"] peer_addrs=["/ip4/127.0.0.1/tcp/19401"]
[2026-08-05T11:59:49Z INFO  server] connector peer disconnected from 127.0.0.1:58933 (active_connections=0)
[2026-08-05T11:59:49Z INFO  server] connector peer connected from 127.0.0.1:58934 (active_connections=1)
[2026-08-05T11:59:49Z INFO  server::core::control::connector_handler] server peer discovery row peer_id=perf-baseline-node local_node_addrs=["/ip4/127.0.0.1/tcp/19401"] peer_addrs=["/ip4/127.0.0.1/tcp/19401"]
[2026-08-05T11:59:49Z INFO  server] connector peer disconnected from 127.0.0.1:58934 (active_connections=0)
[2026-08-05T11:59:49Z INFO  server] connector peer connected from 127.0.0.1:58935 (active_connections=1)
[2026-08-05T11:59:49Z INFO  server::core::control::connector_handler] server peer discovery row peer_id=perf-baseline-node local_node_addrs=["/ip4/127.0.0.1/tcp/19401"] peer_addrs=["/ip4/127.0.0.1/tcp/19401"]
[2026-08-05T11:59:49Z INFO  server] connector peer disconnected from 127.0.0.1:58935 (active_connections=0)
[2026-08-05T11:59:49Z INFO  server] connector peer connected from 127.0.0.1:58936 (active_connections=1)
[2026-08-05T11:59:49Z INFO  server::core::control::connector_handler] server peer discovery row peer_id=perf-baseline-node local_node_addrs=["/ip4/127.0.0.1/tcp/19401"] peer_addrs=["/ip4/127.0.0.1/tcp/19401"]
[2026-08-05T11:59:49Z INFO  server] connector peer disconnected from 127.0.0.1:58936 (active_connections=0)
[2026-08-05T11:59:49Z INFO  server] connector peer connected from 127.0.0.1:58937 (active_connections=1)
[2026-08-05T11:59:49Z INFO  server::core::control::connector_handler] server peer discovery row peer_id=perf-baseline-node local_node_addrs=["/ip4/127.0.0.1/tcp/19401"] peer_addrs=["/ip4/127.0.0.1/tcp/19401"]
[2026-08-05T11:59:49Z INFO  server] connector peer disconnected from 127.0.0.1:58937 (active_connections=0)
[2026-08-05T11:59:49Z INFO  server] connector peer connected from 127.0.0.1:58938 (active_connections=1)
[2026-08-05T11:59:49Z INFO  server::core::control::connector_handler] server peer discovery row peer_id=perf-baseline-node local_node_addrs=["/ip4/127.0.0.1/tcp/19401"] peer_addrs=["/ip4/127.0.0.1/tcp/19401"]
[2026-08-05T11:59:49Z INFO  server] connector peer disconnected from 127.0.0.1:58938 (active_connections=0)
[2026-08-05T11:59:49Z INFO  server] connector peer connected from 127.0.0.1:58939 (active_connections=1)
[2026-08-05T11:59:49Z INFO  server::core::control::connector_handler] server peer discovery row peer_id=perf-baseline-node local_node_addrs=["/ip4/127.0.0.1/tcp/19401"] peer_addrs=["/ip4/127.0.0.1/tcp/19401"]
[2026-08-05T11:59:49Z INFO  server] connector peer disconnected from 127.0.0.1:58939 (active_connections=0)
[2026-08-05T11:59:49Z INFO  server] connector peer connected from 127.0.0.1:58940 (active_connections=1)
[2026-08-05T11:59:49Z INFO  server::core::control::connector_handler] server peer discovery row peer_id=perf-baseline-node local_node_addrs=["/ip4/127.0.0.1/tcp/19401"] peer_addrs=["/ip4/127.0.0.1/tcp/19401"]
[2026-08-05T11:59:49Z INFO  server] connector peer disconnected from 127.0.0.1:58940 (active_connections=0)
[2026-08-05T11:59:49Z INFO  server] connector peer connected from 127.0.0.1:58941 (active_connections=1)
[2026-08-05T11:59:49Z INFO  server::core::control::connector_handler] server peer discovery row peer_id=perf-baseline-node local_node_addrs=["/ip4/127.0.0.1/tcp/19401"] peer_addrs=["/ip4/127.0.0.1/tcp/19401"]
[2026-08-05T11:59:49Z INFO  server] connector peer disconnected from 127.0.0.1:58941 (active_connections=0)
[2026-08-05T11:59:49Z INFO  server] connector peer connected from 127.0.0.1:58942 (active_connections=1)
[2026-08-05T11:59:49Z INFO  server::core::control::connector_handler] server peer discovery row peer_id=perf-baseline-node local_node_addrs=["/ip4/127.0.0.1/tcp/19401"] peer_addrs=["/ip4/127.0.0.1/tcp/19401"]
[2026-08-05T11:59:49Z INFO  server] connector peer disconnected from 127.0.0.1:58942 (active_connections=0)
[2026-08-05T11:59:49Z INFO  server] connector peer connected from 127.0.0.1:58943 (active_connections=1)
[2026-08-05T11:59:49Z INFO  server::core::control::connector_handler] server peer discovery row peer_id=perf-baseline-node local_node_addrs=["/ip4/127.0.0.1/tcp/19401"] peer_addrs=["/ip4/127.0.0.1/tcp/19401"]
[2026-08-05T11:59:49Z INFO  server] connector peer disconnected from 127.0.0.1:58943 (active_connections=0)
[2026-08-05T11:59:49Z INFO  server] connector peer connected from 127.0.0.1:58944 (active_connections=1)
[2026-08-05T11:59:49Z INFO  server::core::control::connector_handler] server peer discovery row peer_id=perf-baseline-node local_node_addrs=["/ip4/127.0.0.1/tcp/19401"] peer_addrs=["/ip4/127.0.0.1/tcp/19401"]
[2026-08-05T11:59:49Z INFO  server] connector peer disconnected from 127.0.0.1:58944 (active_connections=0)
[2026-08-05T11:59:49Z INFO  server] connector peer connected from 127.0.0.1:58945 (active_connections=1)
[2026-08-05T11:59:49Z INFO  server::core::control::connector_handler] server peer discovery row peer_id=perf-baseline-node local_node_addrs=["/ip4/127.0.0.1/tcp/19401"] peer_addrs=["/ip4/127.0.0.1/tcp/19401"]
[2026-08-05T11:59:49Z INFO  server] connector peer disconnected from 127.0.0.1:58945 (active_connections=0)
[2026-08-05T11:59:49Z INFO  server] connector peer connected from 127.0.0.1:58946 (active_connections=1)
[2026-08-05T11:59:49Z INFO  server::core::control::connector_handler] server peer discovery row peer_id=perf-baseline-node local_node_addrs=["/ip4/127.0.0.1/tcp/19401"] peer_addrs=["/ip4/127.0.0.1/tcp/19401"]
[2026-08-05T11:59:49Z INFO  server] connector peer disconnected from 127.0.0.1:58946 (active_connections=0)
[2026-08-05T11:59:49Z INFO  server] connector peer connected from 127.0.0.1:58947 (active_connections=1)
[2026-08-05T11:59:49Z INFO  server::core::control::connector_handler] server peer discovery row peer_id=perf-baseline-node local_node_addrs=["/ip4/127.0.0.1/tcp/19401"] peer_addrs=["/ip4/127.0.0.1/tcp/19401"]
[2026-08-05T11:59:49Z INFO  server] connector peer disconnected from 127.0.0.1:58947 (active_connections=0)
[2026-08-05T11:59:50Z INFO  server] connector peer connected from 127.0.0.1:58948 (active_connections=1)
[2026-08-05T11:59:50Z INFO  server::core::control::connector_handler] server peer discovery row peer_id=perf-baseline-node local_node_addrs=["/ip4/127.0.0.1/tcp/19401"] peer_addrs=["/ip4/127.0.0.1/tcp/19401"]
[2026-08-05T11:59:50Z INFO  server] connector peer disconnected from 127.0.0.1:58948 (active_connections=0)
[2026-08-05T11:59:50Z INFO  server] connector peer connected from 127.0.0.1:58949 (active_connections=1)
[2026-08-05T11:59:50Z INFO  server::core::control::connector_handler] server peer discovery row peer_id=perf-baseline-node local_node_addrs=["/ip4/127.0.0.1/tcp/19401"] peer_addrs=["/ip4/127.0.0.1/tcp/19401"]
[2026-08-05T11:59:50Z INFO  server] connector peer disconnected from 127.0.0.1:58949 (active_connections=0)
[2026-08-05T11:59:50Z INFO  server] connector peer connected from 127.0.0.1:58950 (active_connections=1)
[2026-08-05T11:59:50Z INFO  server::core::control::connector_handler] server peer discovery row peer_id=perf-baseline-node local_node_addrs=["/ip4/127.0.0.1/tcp/19401"] peer_addrs=["/ip4/127.0.0.1/tcp/19401"]
[2026-08-05T11:59:50Z INFO  server] connector peer disconnected from 127.0.0.1:58950 (active_connections=0)
[2026-08-05T11:59:50Z INFO  server] connector peer connected from 127.0.0.1:58951 (active_connections=1)
[2026-08-05T11:59:50Z INFO  server::core::control::connector_handler] server peer discovery row peer_id=perf-baseline-node local_node_addrs=["/ip4/127.0.0.1/tcp/19401"] peer_addrs=["/ip4/127.0.0.1/tcp/19401"]
[2026-08-05T11:59:50Z INFO  server] connector peer disconnected from 127.0.0.1:58951 (active_connections=0)
[2026-08-05T11:59:50Z INFO  server] connector peer connected from 127.0.0.1:58952 (active_connections=1)
[2026-08-05T11:59:50Z INFO  server::core::control::connector_handler] server peer discovery row peer_id=perf-baseline-node local_node_addrs=["/ip4/127.0.0.1/tcp/19401"] peer_addrs=["/ip4/127.0.0.1/tcp/19401"]
[2026-08-05T11:59:50Z INFO  server] connector peer disconnected from 127.0.0.1:58952 (active_connections=0)
[2026-08-05T11:59:50Z INFO  server] connector peer connected from 127.0.0.1:58953 (active_connections=1)
[2026-08-05T11:59:50Z INFO  server::core::control::connector_handler] server peer discovery row peer_id=perf-baseline-node local_node_addrs=["/ip4/127.0.0.1/tcp/19401"] peer_addrs=["/ip4/127.0.0.1/tcp/19401"]
[2026-08-05T11:59:50Z INFO  serverlib::engine::database::table] database entity status changed: kind=table entity_id=019fd1cb35c675e1b9aca82f6fddd89d table_id=events previous=Ready next=Lock
[2026-08-05T11:59:50Z INFO  serverlib::engine::database::table] database entity status changed: kind=table entity_id=019fd1cb35c675e1b9aca82f6fddd89d table_id=events previous=Lock next=Sync
[2026-08-05T11:59:50Z INFO  serverlib::engine::database::table] database entity status changed: kind=table entity_id=019fd1cb35c675e1b9aca82f6fddd89d table_id=events previous=Sync next=Ready
[2026-08-05T11:59:50Z INFO  server] connector peer disconnected from 127.0.0.1:58953 (active_connections=0)
[2026-08-05T11:59:50Z INFO  server] connector peer connected from 127.0.0.1:58954 (active_connections=1)
[2026-08-05T11:59:50Z INFO  server::core::control::connector_handler] server peer discovery row peer_id=perf-baseline-node local_node_addrs=["/ip4/127.0.0.1/tcp/19401"] peer_addrs=["/ip4/127.0.0.1/tcp/19401"]
[2026-08-05T11:59:50Z INFO  server] connector peer disconnected from 127.0.0.1:58954 (active_connections=0)
[2026-08-05T11:59:50Z INFO  server] connector peer connected from 127.0.0.1:58955 (active_connections=1)
[2026-08-05T11:59:50Z INFO  server::core::control::connector_handler] server peer discovery row peer_id=perf-baseline-node local_node_addrs=["/ip4/127.0.0.1/tcp/19401"] peer_addrs=["/ip4/127.0.0.1/tcp/19401"]
[2026-08-05T11:59:50Z INFO  serverlib::engine::database::table] database entity status changed: kind=table entity_id=019fd1cb35c675e1b9aca82f6fddd89d table_id=events previous=Ready next=Lock
[2026-08-05T11:59:50Z INFO  serverlib::engine::database::table] database entity status changed: kind=table entity_id=019fd1cb35c675e1b9aca82f6fddd89d table_id=events previous=Lock next=Sync
[2026-08-05T11:59:50Z INFO  serverlib::engine::database::table] database entity status changed: kind=table entity_id=019fd1cb35c675e1b9aca82f6fddd89d table_id=events previous=Sync next=Ready
[2026-08-05T11:59:50Z INFO  server] connector peer disconnected from 127.0.0.1:58955 (active_connections=0)
[2026-08-05T11:59:50Z INFO  server] connector peer connected from 127.0.0.1:58956 (active_connections=1)
[2026-08-05T11:59:50Z INFO  server::core::control::connector_handler] server peer discovery row peer_id=perf-baseline-node local_node_addrs=["/ip4/127.0.0.1/tcp/19401"] peer_addrs=["/ip4/127.0.0.1/tcp/19401"]
[2026-08-05T11:59:50Z INFO  server] connector peer disconnected from 127.0.0.1:58956 (active_connections=0)
[2026-08-05T11:59:50Z INFO  server] connector peer connected from 127.0.0.1:58957 (active_connections=1)
[2026-08-05T11:59:50Z INFO  server::core::control::connector_handler] server peer discovery row peer_id=perf-baseline-node local_node_addrs=["/ip4/127.0.0.1/tcp/19401"] peer_addrs=["/ip4/127.0.0.1/tcp/19401"]
[2026-08-05T11:59:50Z INFO  serverlib::engine::database::table] database entity status changed: kind=table entity_id=019fd1cb35c675e1b9aca82f6fddd89d table_id=events previous=Ready next=Lock
[2026-08-05T11:59:50Z INFO  serverlib::engine::database::table] database entity status changed: kind=table entity_id=019fd1cb35c675e1b9aca82f6fddd89d table_id=events previous=Lock next=Sync
[2026-08-05T11:59:50Z INFO  serverlib::engine::database::table] database entity status changed: kind=table entity_id=019fd1cb35c675e1b9aca82f6fddd89d table_id=events previous=Sync next=Ready
[2026-08-05T11:59:50Z INFO  server] connector peer disconnected from 127.0.0.1:58957 (active_connections=0)
[2026-08-05T11:59:50Z INFO  server] connector peer connected from 127.0.0.1:58958 (active_connections=1)
[2026-08-05T11:59:50Z INFO  server::core::control::connector_handler] server peer discovery row peer_id=perf-baseline-node local_node_addrs=["/ip4/127.0.0.1/tcp/19401"] peer_addrs=["/ip4/127.0.0.1/tcp/19401"]
[2026-08-05T11:59:50Z INFO  server] connector peer disconnected from 127.0.0.1:58958 (active_connections=0)
[2026-08-05T11:59:50Z INFO  server] connector peer connected from 127.0.0.1:58959 (active_connections=1)
[2026-08-05T11:59:50Z INFO  server::core::control::connector_handler] server peer discovery row peer_id=perf-baseline-node local_node_addrs=["/ip4/127.0.0.1/tcp/19401"] peer_addrs=["/ip4/127.0.0.1/tcp/19401"]
[2026-08-05T11:59:50Z INFO  serverlib::engine::database::table] database entity status changed: kind=table entity_id=019fd1cb35c675e1b9aca82f6fddd89d table_id=events previous=Ready next=Lock
[2026-08-05T11:59:50Z INFO  serverlib::engine::database::table] database entity status changed: kind=table entity_id=019fd1cb35c675e1b9aca82f6fddd89d table_id=events previous=Lock next=Sync
[2026-08-05T11:59:50Z INFO  serverlib::engine::database::table] database entity status changed: kind=table entity_id=019fd1cb35c675e1b9aca82f6fddd89d table_id=events previous=Sync next=Ready
[2026-08-05T11:59:50Z INFO  server] connector peer disconnected from 127.0.0.1:58959 (active_connections=0)
[2026-08-05T11:59:50Z INFO  server] connector peer connected from 127.0.0.1:58960 (active_connections=1)
[2026-08-05T11:59:50Z INFO  server::core::control::connector_handler] server peer discovery row peer_id=perf-baseline-node local_node_addrs=["/ip4/127.0.0.1/tcp/19401"] peer_addrs=["/ip4/127.0.0.1/tcp/19401"]
[2026-08-05T11:59:50Z INFO  server] connector peer disconnected from 127.0.0.1:58960 (active_connections=0)
[2026-08-05T11:59:50Z INFO  server] connector peer connected from 127.0.0.1:58961 (active_connections=1)
[2026-08-05T11:59:50Z INFO  server::core::control::connector_handler] server peer discovery row peer_id=perf-baseline-node local_node_addrs=["/ip4/127.0.0.1/tcp/19401"] peer_addrs=["/ip4/127.0.0.1/tcp/19401"]
[2026-08-05T11:59:50Z INFO  serverlib::engine::database::table] database entity status changed: kind=table entity_id=019fd1cb35c675e1b9aca82f6fddd89d table_id=events previous=Ready next=Lock
[2026-08-05T11:59:50Z INFO  serverlib::engine::database::table] database entity status changed: kind=table entity_id=019fd1cb35c675e1b9aca82f6fddd89d table_id=events previous=Lock next=Sync
[2026-08-05T11:59:50Z INFO  serverlib::engine::database::table] database entity status changed: kind=table entity_id=019fd1cb35c675e1b9aca82f6fddd89d table_id=events previous=Sync next=Ready
[2026-08-05T11:59:50Z INFO  server] connector peer disconnected from 127.0.0.1:58961 (active_connections=0)
[2026-08-05T11:59:50Z INFO  server] connector peer connected from 127.0.0.1:58962 (active_connections=1)
[2026-08-05T11:59:50Z INFO  server::core::control::connector_handler] server peer discovery row peer_id=perf-baseline-node local_node_addrs=["/ip4/127.0.0.1/tcp/19401"] peer_addrs=["/ip4/127.0.0.1/tcp/19401"]
[2026-08-05T11:59:50Z INFO  server] connector peer disconnected from 127.0.0.1:58962 (active_connections=0)
[2026-08-05T11:59:50Z INFO  server] connector peer connected from 127.0.0.1:58963 (active_connections=1)
[2026-08-05T11:59:50Z INFO  server::core::control::connector_handler] server peer discovery row peer_id=perf-baseline-node local_node_addrs=["/ip4/127.0.0.1/tcp/19401"] peer_addrs=["/ip4/127.0.0.1/tcp/19401"]
[2026-08-05T11:59:50Z INFO  serverlib::engine::database::table] database entity status changed: kind=table entity_id=019fd1cb35c675e1b9aca82f6fddd89d table_id=events previous=Ready next=Lock
[2026-08-05T11:59:50Z INFO  serverlib::engine::database::table] database entity status changed: kind=table entity_id=019fd1cb35c675e1b9aca82f6fddd89d table_id=events previous=Lock next=Sync
[2026-08-05T11:59:50Z INFO  serverlib::engine::database::table] database entity status changed: kind=table entity_id=019fd1cb35c675e1b9aca82f6fddd89d table_id=events previous=Sync next=Ready
[2026-08-05T11:59:50Z INFO  server] connector peer disconnected from 127.0.0.1:58963 (active_connections=0)
[2026-08-05T11:59:50Z INFO  server] connector peer connected from 127.0.0.1:58964 (active_connections=1)
[2026-08-05T11:59:50Z INFO  server::core::control::connector_handler] server peer discovery row peer_id=perf-baseline-node local_node_addrs=["/ip4/127.0.0.1/tcp/19401"] peer_addrs=["/ip4/127.0.0.1/tcp/19401"]
[2026-08-05T11:59:50Z INFO  server] connector peer disconnected from 127.0.0.1:58964 (active_connections=0)
[2026-08-05T11:59:50Z INFO  server] connector peer connected from 127.0.0.1:58965 (active_connections=1)
[2026-08-05T11:59:50Z INFO  server::core::control::connector_handler] server peer discovery row peer_id=perf-baseline-node local_node_addrs=["/ip4/127.0.0.1/tcp/19401"] peer_addrs=["/ip4/127.0.0.1/tcp/19401"]
[2026-08-05T11:59:50Z INFO  serverlib::engine::database::table] database entity status changed: kind=table entity_id=019fd1cb35c675e1b9aca82f6fddd89d table_id=events previous=Ready next=Lock
[2026-08-05T11:59:50Z INFO  serverlib::engine::database::table] database entity status changed: kind=table entity_id=019fd1cb35c675e1b9aca82f6fddd89d table_id=events previous=Lock next=Sync
[2026-08-05T11:59:50Z INFO  serverlib::engine::database::table] database entity status changed: kind=table entity_id=019fd1cb35c675e1b9aca82f6fddd89d table_id=events previous=Sync next=Ready
[2026-08-05T11:59:50Z INFO  server] connector peer disconnected from 127.0.0.1:58965 (active_connections=0)
[2026-08-05T11:59:50Z INFO  server] connector peer connected from 127.0.0.1:58966 (active_connections=1)
[2026-08-05T11:59:50Z INFO  server::core::control::connector_handler] server peer discovery row peer_id=perf-baseline-node local_node_addrs=["/ip4/127.0.0.1/tcp/19401"] peer_addrs=["/ip4/127.0.0.1/tcp/19401"]
[2026-08-05T11:59:50Z INFO  server] connector peer disconnected from 127.0.0.1:58966 (active_connections=0)
[2026-08-05T11:59:50Z INFO  server] connector peer connected from 127.0.0.1:58967 (active_connections=1)
[2026-08-05T11:59:50Z INFO  server::core::control::connector_handler] server peer discovery row peer_id=perf-baseline-node local_node_addrs=["/ip4/127.0.0.1/tcp/19401"] peer_addrs=["/ip4/127.0.0.1/tcp/19401"]
[2026-08-05T11:59:50Z INFO  serverlib::engine::database::table] database entity status changed: kind=table entity_id=019fd1cb35c675e1b9aca82f6fddd89d table_id=events previous=Ready next=Lock
[2026-08-05T11:59:50Z INFO  serverlib::engine::database::table] database entity status changed: kind=table entity_id=019fd1cb35c675e1b9aca82f6fddd89d table_id=events previous=Lock next=Sync
[2026-08-05T11:59:50Z INFO  serverlib::engine::database::table] database entity status changed: kind=table entity_id=019fd1cb35c675e1b9aca82f6fddd89d table_id=events previous=Sync next=Ready
[2026-08-05T11:59:50Z INFO  server] connector peer disconnected from 127.0.0.1:58967 (active_connections=0)
[2026-08-05T11:59:50Z INFO  server] connector peer connected from 127.0.0.1:58968 (active_connections=1)
[2026-08-05T11:59:50Z INFO  server::core::control::connector_handler] server peer discovery row peer_id=perf-baseline-node local_node_addrs=["/ip4/127.0.0.1/tcp/19401"] peer_addrs=["/ip4/127.0.0.1/tcp/19401"]
[2026-08-05T11:59:50Z INFO  server] connector peer disconnected from 127.0.0.1:58968 (active_connections=0)
[2026-08-05T11:59:50Z INFO  server] connector peer connected from 127.0.0.1:58969 (active_connections=1)
[2026-08-05T11:59:50Z INFO  server::core::control::connector_handler] server peer discovery row peer_id=perf-baseline-node local_node_addrs=["/ip4/127.0.0.1/tcp/19401"] peer_addrs=["/ip4/127.0.0.1/tcp/19401"]
[2026-08-05T11:59:50Z INFO  serverlib::engine::database::table] database entity status changed: kind=table entity_id=019fd1cb35c675e1b9aca82f6fddd89d table_id=events previous=Ready next=Lock
[2026-08-05T11:59:50Z INFO  serverlib::engine::database::table] database entity status changed: kind=table entity_id=019fd1cb35c675e1b9aca82f6fddd89d table_id=events previous=Lock next=Sync
[2026-08-05T11:59:50Z INFO  serverlib::engine::database::table] database entity status changed: kind=table entity_id=019fd1cb35c675e1b9aca82f6fddd89d table_id=events previous=Sync next=Ready
[2026-08-05T11:59:50Z INFO  server] connector peer disconnected from 127.0.0.1:58969 (active_connections=0)
[2026-08-05T11:59:50Z INFO  server] connector peer connected from 127.0.0.1:58970 (active_connections=1)
[2026-08-05T11:59:50Z INFO  server::core::control::connector_handler] server peer discovery row peer_id=perf-baseline-node local_node_addrs=["/ip4/127.0.0.1/tcp/19401"] peer_addrs=["/ip4/127.0.0.1/tcp/19401"]
[2026-08-05T11:59:50Z INFO  server] connector peer disconnected from 127.0.0.1:58970 (active_connections=0)
[2026-08-05T11:59:50Z INFO  server] connector peer connected from 127.0.0.1:58971 (active_connections=1)
[2026-08-05T11:59:50Z INFO  server::core::control::connector_handler] server peer discovery row peer_id=perf-baseline-node local_node_addrs=["/ip4/127.0.0.1/tcp/19401"] peer_addrs=["/ip4/127.0.0.1/tcp/19401"]
[2026-08-05T11:59:50Z INFO  serverlib::engine::database::table] database entity status changed: kind=table entity_id=019fd1cb35c675e1b9aca82f6fddd89d table_id=events previous=Ready next=Lock
[2026-08-05T11:59:50Z INFO  serverlib::engine::database::table] database entity status changed: kind=table entity_id=019fd1cb35c675e1b9aca82f6fddd89d table_id=events previous=Lock next=Sync
[2026-08-05T11:59:50Z INFO  serverlib::engine::database::table] database entity status changed: kind=table entity_id=019fd1cb35c675e1b9aca82f6fddd89d table_id=events previous=Sync next=Ready
[2026-08-05T11:59:50Z INFO  server] connector peer disconnected from 127.0.0.1:58971 (active_connections=0)
[2026-08-05T11:59:50Z INFO  server] connector peer connected from 127.0.0.1:58972 (active_connections=1)
[2026-08-05T11:59:50Z INFO  server::core::control::connector_handler] server peer discovery row peer_id=perf-baseline-node local_node_addrs=["/ip4/127.0.0.1/tcp/19401"] peer_addrs=["/ip4/127.0.0.1/tcp/19401"]
[2026-08-05T11:59:50Z INFO  server] connector peer disconnected from 127.0.0.1:58972 (active_connections=0)
[2026-08-05T11:59:50Z INFO  server] connector peer connected from 127.0.0.1:58973 (active_connections=1)
[2026-08-05T11:59:50Z INFO  server::core::control::connector_handler] server peer discovery row peer_id=perf-baseline-node local_node_addrs=["/ip4/127.0.0.1/tcp/19401"] peer_addrs=["/ip4/127.0.0.1/tcp/19401"]
[2026-08-05T11:59:50Z INFO  serverlib::engine::database::table] database entity status changed: kind=table entity_id=019fd1cb35c675e1b9aca82f6fddd89d table_id=events previous=Ready next=Lock
[2026-08-05T11:59:50Z INFO  serverlib::engine::database::table] database entity status changed: kind=table entity_id=019fd1cb35c675e1b9aca82f6fddd89d table_id=events previous=Lock next=Sync
[2026-08-05T11:59:50Z INFO  serverlib::engine::database::table] database entity status changed: kind=table entity_id=019fd1cb35c675e1b9aca82f6fddd89d table_id=events previous=Sync next=Ready
[2026-08-05T11:59:50Z INFO  server] connector peer disconnected from 127.0.0.1:58973 (active_connections=0)
[2026-08-05T11:59:50Z INFO  server] connector peer connected from 127.0.0.1:58974 (active_connections=1)
[2026-08-05T11:59:50Z INFO  server::core::control::connector_handler] server peer discovery row peer_id=perf-baseline-node local_node_addrs=["/ip4/127.0.0.1/tcp/19401"] peer_addrs=["/ip4/127.0.0.1/tcp/19401"]
[2026-08-05T11:59:50Z INFO  server] connector peer disconnected from 127.0.0.1:58974 (active_connections=0)
[2026-08-05T11:59:50Z INFO  server] connector peer connected from 127.0.0.1:58975 (active_connections=1)
[2026-08-05T11:59:50Z INFO  server::core::control::connector_handler] server peer discovery row peer_id=perf-baseline-node local_node_addrs=["/ip4/127.0.0.1/tcp/19401"] peer_addrs=["/ip4/127.0.0.1/tcp/19401"]
[2026-08-05T11:59:50Z INFO  serverlib::engine::database::table] database entity status changed: kind=table entity_id=019fd1cb35c675e1b9aca82f6fddd89d table_id=events previous=Ready next=Lock
[2026-08-05T11:59:50Z INFO  serverlib::engine::database::table] database entity status changed: kind=table entity_id=019fd1cb35c675e1b9aca82f6fddd89d table_id=events previous=Lock next=Sync
[2026-08-05T11:59:50Z INFO  serverlib::engine::database::table] database entity status changed: kind=table entity_id=019fd1cb35c675e1b9aca82f6fddd89d table_id=events previous=Sync next=Ready
[2026-08-05T11:59:50Z INFO  server] connector peer disconnected from 127.0.0.1:58975 (active_connections=0)
[2026-08-05T11:59:50Z INFO  server] connector peer connected from 127.0.0.1:58976 (active_connections=1)
[2026-08-05T11:59:51Z INFO  server::core::control::connector_handler] server peer discovery row peer_id=perf-baseline-node local_node_addrs=["/ip4/127.0.0.1/tcp/19401"] peer_addrs=["/ip4/127.0.0.1/tcp/19401"]
[2026-08-05T11:59:51Z INFO  server] connector peer disconnected from 127.0.0.1:58976 (active_connections=0)
[2026-08-05T11:59:51Z INFO  server] connector peer connected from 127.0.0.1:58977 (active_connections=1)
[2026-08-05T11:59:51Z INFO  server::core::control::connector_handler] server peer discovery row peer_id=perf-baseline-node local_node_addrs=["/ip4/127.0.0.1/tcp/19401"] peer_addrs=["/ip4/127.0.0.1/tcp/19401"]
[2026-08-05T11:59:51Z INFO  serverlib::engine::database::table] database entity status changed: kind=table entity_id=019fd1cb35c675e1b9aca82f6fddd89d table_id=events previous=Ready next=Lock
[2026-08-05T11:59:51Z INFO  serverlib::engine::database::table] database entity status changed: kind=table entity_id=019fd1cb35c675e1b9aca82f6fddd89d table_id=events previous=Lock next=Sync
[2026-08-05T11:59:51Z INFO  serverlib::engine::database::table] database entity status changed: kind=table entity_id=019fd1cb35c675e1b9aca82f6fddd89d table_id=events previous=Sync next=Ready
[2026-08-05T11:59:51Z INFO  server] connector peer disconnected from 127.0.0.1:58977 (active_connections=0)
[2026-08-05T11:59:51Z INFO  server] connector peer connected from 127.0.0.1:58978 (active_connections=1)
[2026-08-05T11:59:51Z INFO  server::core::control::connector_handler] server peer discovery row peer_id=perf-baseline-node local_node_addrs=["/ip4/127.0.0.1/tcp/19401"] peer_addrs=["/ip4/127.0.0.1/tcp/19401"]
[2026-08-05T11:59:51Z INFO  server] connector peer disconnected from 127.0.0.1:58978 (active_connections=0)
[2026-08-05T11:59:51Z INFO  server] connector peer connected from 127.0.0.1:58979 (active_connections=1)
[2026-08-05T11:59:51Z INFO  server::core::control::connector_handler] server peer discovery row peer_id=perf-baseline-node local_node_addrs=["/ip4/127.0.0.1/tcp/19401"] peer_addrs=["/ip4/127.0.0.1/tcp/19401"]
[2026-08-05T11:59:51Z INFO  serverlib::engine::database::table] database entity status changed: kind=table entity_id=019fd1cb35c675e1b9aca82f6fddd89d table_id=events previous=Ready next=Lock
[2026-08-05T11:59:51Z INFO  serverlib::engine::database::table] database entity status changed: kind=table entity_id=019fd1cb35c675e1b9aca82f6fddd89d table_id=events previous=Lock next=Sync
[2026-08-05T11:59:51Z INFO  serverlib::engine::database::table] database entity status changed: kind=table entity_id=019fd1cb35c675e1b9aca82f6fddd89d table_id=events previous=Sync next=Ready
[2026-08-05T11:59:51Z INFO  server] connector peer disconnected from 127.0.0.1:58979 (active_connections=0)
[2026-08-05T11:59:51Z INFO  server] connector peer connected from 127.0.0.1:58980 (active_connections=1)
[2026-08-05T11:59:51Z INFO  server::core::control::connector_handler] server peer discovery row peer_id=perf-baseline-node local_node_addrs=["/ip4/127.0.0.1/tcp/19401"] peer_addrs=["/ip4/127.0.0.1/tcp/19401"]
[2026-08-05T11:59:51Z INFO  server] connector peer disconnected from 127.0.0.1:58980 (active_connections=0)
[2026-08-05T11:59:51Z INFO  server] connector peer connected from 127.0.0.1:58981 (active_connections=1)
[2026-08-05T11:59:51Z INFO  server::core::control::connector_handler] server peer discovery row peer_id=perf-baseline-node local_node_addrs=["/ip4/127.0.0.1/tcp/19401"] peer_addrs=["/ip4/127.0.0.1/tcp/19401"]
[2026-08-05T11:59:51Z INFO  serverlib::engine::database::table] database entity status changed: kind=table entity_id=019fd1cb35c675e1b9aca82f6fddd89d table_id=events previous=Ready next=Lock
[2026-08-05T11:59:51Z INFO  serverlib::engine::database::table] database entity status changed: kind=table entity_id=019fd1cb35c675e1b9aca82f6fddd89d table_id=events previous=Lock next=Sync
[2026-08-05T11:59:51Z INFO  serverlib::engine::database::table] database entity status changed: kind=table entity_id=019fd1cb35c675e1b9aca82f6fddd89d table_id=events previous=Sync next=Ready
[2026-08-05T11:59:51Z INFO  server] connector peer disconnected from 127.0.0.1:58981 (active_connections=0)
[2026-08-05T11:59:51Z INFO  server] connector peer connected from 127.0.0.1:58982 (active_connections=1)
[2026-08-05T11:59:51Z INFO  server::core::control::connector_handler] server peer discovery row peer_id=perf-baseline-node local_node_addrs=["/ip4/127.0.0.1/tcp/19401"] peer_addrs=["/ip4/127.0.0.1/tcp/19401"]
[2026-08-05T11:59:51Z INFO  server] connector peer disconnected from 127.0.0.1:58982 (active_connections=0)
[2026-08-05T11:59:51Z INFO  server] connector peer connected from 127.0.0.1:58983 (active_connections=1)
[2026-08-05T11:59:51Z INFO  server::core::control::connector_handler] server peer discovery row peer_id=perf-baseline-node local_node_addrs=["/ip4/127.0.0.1/tcp/19401"] peer_addrs=["/ip4/127.0.0.1/tcp/19401"]
[2026-08-05T11:59:51Z INFO  serverlib::engine::database::table] database entity status changed: kind=table entity_id=019fd1cb35c675e1b9aca82f6fddd89d table_id=events previous=Ready next=Lock
[2026-08-05T11:59:51Z INFO  serverlib::engine::database::table] database entity status changed: kind=table entity_id=019fd1cb35c675e1b9aca82f6fddd89d table_id=events previous=Lock next=Sync
[2026-08-05T11:59:51Z INFO  serverlib::engine::database::table] database entity status changed: kind=table entity_id=019fd1cb35c675e1b9aca82f6fddd89d table_id=events previous=Sync next=Ready
[2026-08-05T11:59:51Z INFO  server] connector peer disconnected from 127.0.0.1:58983 (active_connections=0)
[2026-08-05T11:59:51Z INFO  server] connector peer connected from 127.0.0.1:58984 (active_connections=1)
[2026-08-05T11:59:51Z INFO  server::core::control::connector_handler] server peer discovery row peer_id=perf-baseline-node local_node_addrs=["/ip4/127.0.0.1/tcp/19401"] peer_addrs=["/ip4/127.0.0.1/tcp/19401"]
[2026-08-05T11:59:51Z INFO  server] connector peer disconnected from 127.0.0.1:58984 (active_connections=0)
[2026-08-05T11:59:51Z INFO  server] connector peer connected from 127.0.0.1:58985 (active_connections=1)
[2026-08-05T11:59:51Z INFO  server::core::control::connector_handler] server peer discovery row peer_id=perf-baseline-node local_node_addrs=["/ip4/127.0.0.1/tcp/19401"] peer_addrs=["/ip4/127.0.0.1/tcp/19401"]
[2026-08-05T11:59:51Z INFO  serverlib::engine::database::table] database entity status changed: kind=table entity_id=019fd1cb35c675e1b9aca82f6fddd89d table_id=events previous=Ready next=Lock
[2026-08-05T11:59:51Z INFO  serverlib::engine::database::table] database entity status changed: kind=table entity_id=019fd1cb35c675e1b9aca82f6fddd89d table_id=events previous=Lock next=Sync
[2026-08-05T11:59:51Z INFO  serverlib::engine::database::table] database entity status changed: kind=table entity_id=019fd1cb35c675e1b9aca82f6fddd89d table_id=events previous=Sync next=Ready
[2026-08-05T11:59:51Z INFO  server] connector peer disconnected from 127.0.0.1:58985 (active_connections=0)
[2026-08-05T11:59:51Z INFO  server] connector peer connected from 127.0.0.1:58986 (active_connections=1)
[2026-08-05T11:59:51Z INFO  server::core::control::connector_handler] server peer discovery row peer_id=perf-baseline-node local_node_addrs=["/ip4/127.0.0.1/tcp/19401"] peer_addrs=["/ip4/127.0.0.1/tcp/19401"]
[2026-08-05T11:59:51Z INFO  server] connector peer disconnected from 127.0.0.1:58986 (active_connections=0)
[2026-08-05T11:59:51Z INFO  server] connector peer connected from 127.0.0.1:58987 (active_connections=1)
[2026-08-05T11:59:51Z INFO  server::core::control::connector_handler] server peer discovery row peer_id=perf-baseline-node local_node_addrs=["/ip4/127.0.0.1/tcp/19401"] peer_addrs=["/ip4/127.0.0.1/tcp/19401"]
[2026-08-05T11:59:51Z INFO  serverlib::engine::database::table] database entity status changed: kind=table entity_id=019fd1cb35c675e1b9aca82f6fddd89d table_id=events previous=Ready next=Lock
[2026-08-05T11:59:51Z INFO  serverlib::engine::database::table] database entity status changed: kind=table entity_id=019fd1cb35c675e1b9aca82f6fddd89d table_id=events previous=Lock next=Sync
[2026-08-05T11:59:51Z INFO  serverlib::engine::database::table] database entity status changed: kind=table entity_id=019fd1cb35c675e1b9aca82f6fddd89d table_id=events previous=Sync next=Ready
[2026-08-05T11:59:51Z INFO  server] connector peer disconnected from 127.0.0.1:58987 (active_connections=0)
[2026-08-05T11:59:51Z INFO  server] connector peer connected from 127.0.0.1:58988 (active_connections=1)
[2026-08-05T11:59:51Z INFO  server::core::control::connector_handler] server peer discovery row peer_id=perf-baseline-node local_node_addrs=["/ip4/127.0.0.1/tcp/19401"] peer_addrs=["/ip4/127.0.0.1/tcp/19401"]
[2026-08-05T11:59:51Z INFO  server] connector peer disconnected from 127.0.0.1:58988 (active_connections=0)
[2026-08-05T11:59:51Z INFO  server] connector peer connected from 127.0.0.1:58989 (active_connections=1)
[2026-08-05T11:59:51Z INFO  server::core::control::connector_handler] server peer discovery row peer_id=perf-baseline-node local_node_addrs=["/ip4/127.0.0.1/tcp/19401"] peer_addrs=["/ip4/127.0.0.1/tcp/19401"]
[2026-08-05T11:59:51Z INFO  serverlib::engine::database::table] database entity status changed: kind=table entity_id=019fd1cb35c675e1b9aca82f6fddd89d table_id=events previous=Ready next=Lock
[2026-08-05T11:59:51Z INFO  serverlib::engine::database::table] database entity status changed: kind=table entity_id=019fd1cb35c675e1b9aca82f6fddd89d table_id=events previous=Lock next=Sync
[2026-08-05T11:59:51Z INFO  serverlib::engine::database::table] database entity status changed: kind=table entity_id=019fd1cb35c675e1b9aca82f6fddd89d table_id=events previous=Sync next=Ready
[2026-08-05T11:59:51Z INFO  server] connector peer disconnected from 127.0.0.1:58989 (active_connections=0)
[2026-08-05T11:59:51Z INFO  server] connector peer connected from 127.0.0.1:58990 (active_connections=1)
[2026-08-05T11:59:51Z INFO  server::core::control::connector_handler] server peer discovery row peer_id=perf-baseline-node local_node_addrs=["/ip4/127.0.0.1/tcp/19401"] peer_addrs=["/ip4/127.0.0.1/tcp/19401"]
[2026-08-05T11:59:51Z INFO  server] connector peer disconnected from 127.0.0.1:58990 (active_connections=0)
[2026-08-05T11:59:51Z INFO  server] connector peer connected from 127.0.0.1:58991 (active_connections=1)
[2026-08-05T11:59:51Z INFO  server::core::control::connector_handler] server peer discovery row peer_id=perf-baseline-node local_node_addrs=["/ip4/127.0.0.1/tcp/19401"] peer_addrs=["/ip4/127.0.0.1/tcp/19401"]
[2026-08-05T11:59:51Z INFO  serverlib::engine::database::table] database entity status changed: kind=table entity_id=019fd1cb35c675e1b9aca82f6fddd89d table_id=events previous=Ready next=Lock
[2026-08-05T11:59:51Z INFO  serverlib::engine::database::table] database entity status changed: kind=table entity_id=019fd1cb35c675e1b9aca82f6fddd89d table_id=events previous=Lock next=Sync
[2026-08-05T11:59:51Z INFO  serverlib::engine::database::table] database entity status changed: kind=table entity_id=019fd1cb35c675e1b9aca82f6fddd89d table_id=events previous=Sync next=Ready
[2026-08-05T11:59:51Z INFO  server] connector peer disconnected from 127.0.0.1:58991 (active_connections=0)
[2026-08-05T11:59:51Z INFO  server] connector peer connected from 127.0.0.1:58992 (active_connections=1)
[2026-08-05T11:59:51Z INFO  server::core::control::connector_handler] server peer discovery row peer_id=perf-baseline-node local_node_addrs=["/ip4/127.0.0.1/tcp/19401"] peer_addrs=["/ip4/127.0.0.1/tcp/19401"]
[2026-08-05T11:59:51Z INFO  server] connector peer disconnected from 127.0.0.1:58992 (active_connections=0)
[2026-08-05T11:59:51Z INFO  server] connector peer connected from 127.0.0.1:58993 (active_connections=1)
[2026-08-05T11:59:51Z INFO  server::core::control::connector_handler] server peer discovery row peer_id=perf-baseline-node local_node_addrs=["/ip4/127.0.0.1/tcp/19401"] peer_addrs=["/ip4/127.0.0.1/tcp/19401"]
[2026-08-05T11:59:51Z INFO  serverlib::engine::database::table] database entity status changed: kind=table entity_id=019fd1cb35c675e1b9aca82f6fddd89d table_id=events previous=Ready next=Lock
[2026-08-05T11:59:51Z INFO  serverlib::engine::database::table] database entity status changed: kind=table entity_id=019fd1cb35c675e1b9aca82f6fddd89d table_id=events previous=Lock next=Sync
[2026-08-05T11:59:51Z INFO  serverlib::engine::database::table] database entity status changed: kind=table entity_id=019fd1cb35c675e1b9aca82f6fddd89d table_id=events previous=Sync next=Ready
[2026-08-05T11:59:51Z INFO  server] connector peer disconnected from 127.0.0.1:58993 (active_connections=0)
[2026-08-05T11:59:51Z INFO  server] connector peer connected from 127.0.0.1:58994 (active_connections=1)
[2026-08-05T11:59:51Z INFO  server::core::control::connector_handler] server peer discovery row peer_id=perf-baseline-node local_node_addrs=["/ip4/127.0.0.1/tcp/19401"] peer_addrs=["/ip4/127.0.0.1/tcp/19401"]
[2026-08-05T11:59:51Z INFO  server] connector peer disconnected from 127.0.0.1:58994 (active_connections=0)
[2026-08-05T11:59:51Z INFO  server] connector peer connected from 127.0.0.1:58995 (active_connections=1)
[2026-08-05T11:59:51Z INFO  server::core::control::connector_handler] server peer discovery row peer_id=perf-baseline-node local_node_addrs=["/ip4/127.0.0.1/tcp/19401"] peer_addrs=["/ip4/127.0.0.1/tcp/19401"]
[2026-08-05T11:59:51Z INFO  serverlib::engine::database::table] database entity status changed: kind=table entity_id=019fd1cb35c675e1b9aca82f6fddd89d table_id=events previous=Ready next=Lock
[2026-08-05T11:59:51Z INFO  serverlib::engine::database::table] database entity status changed: kind=table entity_id=019fd1cb35c675e1b9aca82f6fddd89d table_id=events previous=Lock next=Sync
[2026-08-05T11:59:51Z INFO  serverlib::engine::database::table] database entity status changed: kind=table entity_id=019fd1cb35c675e1b9aca82f6fddd89d table_id=events previous=Sync next=Ready
[2026-08-05T11:59:51Z INFO  server] connector peer disconnected from 127.0.0.1:58995 (active_connections=0)
[2026-08-05T11:59:51Z INFO  server] connector peer connected from 127.0.0.1:58996 (active_connections=1)
[2026-08-05T11:59:51Z INFO  server::core::control::connector_handler] server peer discovery row peer_id=perf-baseline-node local_node_addrs=["/ip4/127.0.0.1/tcp/19401"] peer_addrs=["/ip4/127.0.0.1/tcp/19401"]
[2026-08-05T11:59:51Z INFO  server] connector peer disconnected from 127.0.0.1:58996 (active_connections=0)
[2026-08-05T11:59:51Z INFO  server] connector peer connected from 127.0.0.1:58997 (active_connections=1)
[2026-08-05T11:59:51Z INFO  server::core::control::connector_handler] server peer discovery row peer_id=perf-baseline-node local_node_addrs=["/ip4/127.0.0.1/tcp/19401"] peer_addrs=["/ip4/127.0.0.1/tcp/19401"]
[2026-08-05T11:59:51Z INFO  serverlib::engine::database::table] database entity status changed: kind=table entity_id=019fd1cb35c675e1b9aca82f6fddd89d table_id=events previous=Ready next=Lock
[2026-08-05T11:59:51Z INFO  serverlib::engine::database::table] database entity status changed: kind=table entity_id=019fd1cb35c675e1b9aca82f6fddd89d table_id=events previous=Lock next=Sync
[2026-08-05T11:59:51Z INFO  serverlib::engine::database::table] database entity status changed: kind=table entity_id=019fd1cb35c675e1b9aca82f6fddd89d table_id=events previous=Sync next=Ready
[2026-08-05T11:59:51Z INFO  server] connector peer disconnected from 127.0.0.1:58997 (active_connections=0)
[2026-08-05T11:59:51Z INFO  server] connector peer connected from 127.0.0.1:58998 (active_connections=1)
[2026-08-05T11:59:51Z INFO  server::core::control::connector_handler] server peer discovery row peer_id=perf-baseline-node local_node_addrs=["/ip4/127.0.0.1/tcp/19401"] peer_addrs=["/ip4/127.0.0.1/tcp/19401"]
[2026-08-05T11:59:51Z INFO  server] connector peer disconnected from 127.0.0.1:58998 (active_connections=0)
[2026-08-05T11:59:51Z INFO  server] connector peer connected from 127.0.0.1:58999 (active_connections=1)
[2026-08-05T11:59:51Z INFO  server::core::control::connector_handler] server peer discovery row peer_id=perf-baseline-node local_node_addrs=["/ip4/127.0.0.1/tcp/19401"] peer_addrs=["/ip4/127.0.0.1/tcp/19401"]
[2026-08-05T11:59:51Z INFO  serverlib::engine::database::table] database entity status changed: kind=table entity_id=019fd1cb35c675e1b9aca82f6fddd89d table_id=events previous=Ready next=Lock
[2026-08-05T11:59:51Z INFO  serverlib::engine::database::table] database entity status changed: kind=table entity_id=019fd1cb35c675e1b9aca82f6fddd89d table_id=events previous=Lock next=Sync
[2026-08-05T11:59:51Z INFO  serverlib::engine::database::table] database entity status changed: kind=table entity_id=019fd1cb35c675e1b9aca82f6fddd89d table_id=events previous=Sync next=Ready
[2026-08-05T11:59:51Z INFO  server] connector peer disconnected from 127.0.0.1:58999 (active_connections=0)
[2026-08-05T11:59:51Z INFO  server] connector peer connected from 127.0.0.1:59000 (active_connections=1)
[2026-08-05T11:59:51Z INFO  server::core::control::connector_handler] server peer discovery row peer_id=perf-baseline-node local_node_addrs=["/ip4/127.0.0.1/tcp/19401"] peer_addrs=["/ip4/127.0.0.1/tcp/19401"]
[2026-08-05T11:59:51Z INFO  server] connector peer disconnected from 127.0.0.1:59000 (active_connections=0)
[2026-08-05T11:59:51Z INFO  server] connector peer connected from 127.0.0.1:59001 (active_connections=1)
[2026-08-05T11:59:51Z INFO  server::core::control::connector_handler] server peer discovery row peer_id=perf-baseline-node local_node_addrs=["/ip4/127.0.0.1/tcp/19401"] peer_addrs=["/ip4/127.0.0.1/tcp/19401"]
[2026-08-05T11:59:51Z INFO  serverlib::engine::database::table] database entity status changed: kind=table entity_id=019fd1cb35c675e1b9aca82f6fddd89d table_id=events previous=Ready next=Lock
[2026-08-05T11:59:51Z INFO  serverlib::engine::database::table] database entity status changed: kind=table entity_id=019fd1cb35c675e1b9aca82f6fddd89d table_id=events previous=Lock next=Sync
[2026-08-05T11:59:51Z INFO  serverlib::engine::database::table] database entity status changed: kind=table entity_id=019fd1cb35c675e1b9aca82f6fddd89d table_id=events previous=Sync next=Ready
[2026-08-05T11:59:51Z INFO  server] connector peer disconnected from 127.0.0.1:59001 (active_connections=0)
[2026-08-05T11:59:51Z INFO  server] connector peer connected from 127.0.0.1:59002 (active_connections=1)
[2026-08-05T11:59:51Z INFO  server::core::control::connector_handler] server peer discovery row peer_id=perf-baseline-node local_node_addrs=["/ip4/127.0.0.1/tcp/19401"] peer_addrs=["/ip4/127.0.0.1/tcp/19401"]
[2026-08-05T11:59:51Z INFO  server] connector peer disconnected from 127.0.0.1:59002 (active_connections=0)
[2026-08-05T11:59:51Z INFO  server] connector peer connected from 127.0.0.1:59003 (active_connections=1)
[2026-08-05T11:59:51Z INFO  server::core::control::connector_handler] server peer discovery row peer_id=perf-baseline-node local_node_addrs=["/ip4/127.0.0.1/tcp/19401"] peer_addrs=["/ip4/127.0.0.1/tcp/19401"]
[2026-08-05T11:59:51Z INFO  serverlib::engine::database::table] database entity status changed: kind=table entity_id=019fd1cb35c675e1b9aca82f6fddd89d table_id=events previous=Ready next=Lock
[2026-08-05T11:59:51Z INFO  serverlib::engine::database::table] database entity status changed: kind=table entity_id=019fd1cb35c675e1b9aca82f6fddd89d table_id=events previous=Lock next=Sync
[2026-08-05T11:59:51Z INFO  serverlib::engine::database::table] database entity status changed: kind=table entity_id=019fd1cb35c675e1b9aca82f6fddd89d table_id=events previous=Sync next=Ready
[2026-08-05T11:59:51Z INFO  server] connector peer disconnected from 127.0.0.1:59003 (active_connections=0)
[2026-08-05T11:59:52Z INFO  server] connector peer connected from 127.0.0.1:59004 (active_connections=1)
[2026-08-05T11:59:52Z INFO  server::core::control::connector_handler] server peer discovery row peer_id=perf-baseline-node local_node_addrs=["/ip4/127.0.0.1/tcp/19401"] peer_addrs=["/ip4/127.0.0.1/tcp/19401"]
[2026-08-05T11:59:52Z INFO  server] connector peer disconnected from 127.0.0.1:59004 (active_connections=0)
[2026-08-05T11:59:52Z INFO  server] connector peer connected from 127.0.0.1:59005 (active_connections=1)
[2026-08-05T11:59:52Z INFO  server::core::control::connector_handler] server peer discovery row peer_id=perf-baseline-node local_node_addrs=["/ip4/127.0.0.1/tcp/19401"] peer_addrs=["/ip4/127.0.0.1/tcp/19401"]
[2026-08-05T11:59:52Z INFO  serverlib::engine::database::table] database entity status changed: kind=table entity_id=019fd1cb35c675e1b9aca82f6fddd89d table_id=events previous=Ready next=Lock
[2026-08-05T11:59:52Z INFO  serverlib::engine::database::table] database entity status changed: kind=table entity_id=019fd1cb35c675e1b9aca82f6fddd89d table_id=events previous=Lock next=Sync
[2026-08-05T11:59:52Z INFO  serverlib::engine::database::table] database entity status changed: kind=table entity_id=019fd1cb35c675e1b9aca82f6fddd89d table_id=events previous=Sync next=Ready
[2026-08-05T11:59:52Z INFO  server] connector peer disconnected from 127.0.0.1:59005 (active_connections=0)
[2026-08-05T11:59:52Z INFO  server] connector peer connected from 127.0.0.1:59006 (active_connections=1)
[2026-08-05T11:59:52Z INFO  server::core::control::connector_handler] server peer discovery row peer_id=perf-baseline-node local_node_addrs=["/ip4/127.0.0.1/tcp/19401"] peer_addrs=["/ip4/127.0.0.1/tcp/19401"]
[2026-08-05T11:59:52Z INFO  server] connector peer disconnected from 127.0.0.1:59006 (active_connections=0)
[2026-08-05T11:59:52Z INFO  server] connector peer connected from 127.0.0.1:59007 (active_connections=1)
[2026-08-05T11:59:52Z INFO  server::core::control::connector_handler] server peer discovery row peer_id=perf-baseline-node local_node_addrs=["/ip4/127.0.0.1/tcp/19401"] peer_addrs=["/ip4/127.0.0.1/tcp/19401"]
[2026-08-05T11:59:52Z INFO  serverlib::engine::database::table] database entity status changed: kind=table entity_id=019fd1cb35c675e1b9aca82f6fddd89d table_id=events previous=Ready next=Lock
[2026-08-05T11:59:52Z INFO  serverlib::engine::database::table] database entity status changed: kind=table entity_id=019fd1cb35c675e1b9aca82f6fddd89d table_id=events previous=Lock next=Sync
[2026-08-05T11:59:52Z INFO  serverlib::engine::database::table] database entity status changed: kind=table entity_id=019fd1cb35c675e1b9aca82f6fddd89d table_id=events previous=Sync next=Ready
[2026-08-05T11:59:52Z INFO  server] connector peer disconnected from 127.0.0.1:59007 (active_connections=0)
[2026-08-05T11:59:52Z INFO  server] connector peer connected from 127.0.0.1:59008 (active_connections=1)
[2026-08-05T11:59:52Z INFO  server::core::control::connector_handler] server peer discovery row peer_id=perf-baseline-node local_node_addrs=["/ip4/127.0.0.1/tcp/19401"] peer_addrs=["/ip4/127.0.0.1/tcp/19401"]
[2026-08-05T11:59:52Z INFO  server] connector peer disconnected from 127.0.0.1:59008 (active_connections=0)
[2026-08-05T11:59:52Z INFO  server] connector peer connected from 127.0.0.1:59009 (active_connections=1)
[2026-08-05T11:59:52Z INFO  server::core::control::connector_handler] server peer discovery row peer_id=perf-baseline-node local_node_addrs=["/ip4/127.0.0.1/tcp/19401"] peer_addrs=["/ip4/127.0.0.1/tcp/19401"]
[2026-08-05T11:59:52Z INFO  serverlib::engine::database::table] database entity status changed: kind=table entity_id=019fd1cb35c675e1b9aca82f6fddd89d table_id=events previous=Ready next=Lock
[2026-08-05T11:59:52Z INFO  serverlib::engine::database::table] database entity status changed: kind=table entity_id=019fd1cb35c675e1b9aca82f6fddd89d table_id=events previous=Lock next=Sync
[2026-08-05T11:59:52Z INFO  serverlib::engine::database::table] database entity status changed: kind=table entity_id=019fd1cb35c675e1b9aca82f6fddd89d table_id=events previous=Sync next=Ready
[2026-08-05T11:59:52Z INFO  server] connector peer disconnected from 127.0.0.1:59009 (active_connections=0)
[2026-08-05T11:59:52Z INFO  server] connector peer connected from 127.0.0.1:59010 (active_connections=1)
[2026-08-05T11:59:52Z INFO  server::core::control::connector_handler] server peer discovery row peer_id=perf-baseline-node local_node_addrs=["/ip4/127.0.0.1/tcp/19401"] peer_addrs=["/ip4/127.0.0.1/tcp/19401"]
[2026-08-05T11:59:52Z INFO  server] connector peer disconnected from 127.0.0.1:59010 (active_connections=0)
[2026-08-05T11:59:52Z INFO  server] connector peer connected from 127.0.0.1:59011 (active_connections=1)
[2026-08-05T11:59:52Z INFO  server::core::control::connector_handler] server peer discovery row peer_id=perf-baseline-node local_node_addrs=["/ip4/127.0.0.1/tcp/19401"] peer_addrs=["/ip4/127.0.0.1/tcp/19401"]
[2026-08-05T11:59:52Z INFO  serverlib::engine::database::table] database entity status changed: kind=table entity_id=019fd1cb35c675e1b9aca82f6fddd89d table_id=events previous=Ready next=Lock
[2026-08-05T11:59:52Z INFO  serverlib::engine::database::table] database entity status changed: kind=table entity_id=019fd1cb35c675e1b9aca82f6fddd89d table_id=events previous=Lock next=Sync
[2026-08-05T11:59:52Z INFO  serverlib::engine::database::table] database entity status changed: kind=table entity_id=019fd1cb35c675e1b9aca82f6fddd89d table_id=events previous=Sync next=Ready
[2026-08-05T11:59:52Z INFO  server] connector peer disconnected from 127.0.0.1:59011 (active_connections=0)
[2026-08-05T11:59:52Z INFO  server] connector peer connected from 127.0.0.1:59012 (active_connections=1)
[2026-08-05T11:59:52Z INFO  server::core::control::connector_handler] server peer discovery row peer_id=perf-baseline-node local_node_addrs=["/ip4/127.0.0.1/tcp/19401"] peer_addrs=["/ip4/127.0.0.1/tcp/19401"]
[2026-08-05T11:59:52Z INFO  server] connector peer disconnected from 127.0.0.1:59012 (active_connections=0)
[2026-08-05T11:59:52Z INFO  server] connector peer connected from 127.0.0.1:59013 (active_connections=1)
[2026-08-05T11:59:52Z INFO  server::core::control::connector_handler] server peer discovery row peer_id=perf-baseline-node local_node_addrs=["/ip4/127.0.0.1/tcp/19401"] peer_addrs=["/ip4/127.0.0.1/tcp/19401"]
[2026-08-05T11:59:52Z INFO  serverlib::engine::database::table] database entity status changed: kind=table entity_id=019fd1cb35c675e1b9aca82f6fddd89d table_id=events previous=Ready next=Lock
[2026-08-05T11:59:52Z INFO  serverlib::engine::database::table] database entity status changed: kind=table entity_id=019fd1cb35c675e1b9aca82f6fddd89d table_id=events previous=Lock next=Sync
[2026-08-05T11:59:52Z INFO  serverlib::engine::database::table] database entity status changed: kind=table entity_id=019fd1cb35c675e1b9aca82f6fddd89d table_id=events previous=Sync next=Ready
[2026-08-05T11:59:52Z INFO  server] connector peer disconnected from 127.0.0.1:59013 (active_connections=0)
[2026-08-05T11:59:52Z INFO  server] connector peer connected from 127.0.0.1:59014 (active_connections=1)
[2026-08-05T11:59:52Z INFO  server::core::control::connector_handler] server peer discovery row peer_id=perf-baseline-node local_node_addrs=["/ip4/127.0.0.1/tcp/19401"] peer_addrs=["/ip4/127.0.0.1/tcp/19401"]
[2026-08-05T11:59:52Z INFO  server] connector peer disconnected from 127.0.0.1:59014 (active_connections=0)
[2026-08-05T11:59:52Z INFO  server] connector peer connected from 127.0.0.1:59015 (active_connections=1)
[2026-08-05T11:59:52Z INFO  server::core::control::connector_handler] server peer discovery row peer_id=perf-baseline-node local_node_addrs=["/ip4/127.0.0.1/tcp/19401"] peer_addrs=["/ip4/127.0.0.1/tcp/19401"]
[2026-08-05T11:59:52Z INFO  serverlib::engine::database::table] database entity status changed: kind=table entity_id=019fd1cb35c675e1b9aca82f6fddd89d table_id=events previous=Ready next=Lock
[2026-08-05T11:59:52Z INFO  serverlib::engine::database::table] database entity status changed: kind=table entity_id=019fd1cb35c675e1b9aca82f6fddd89d table_id=events previous=Lock next=Sync
[2026-08-05T11:59:52Z INFO  serverlib::engine::database::table] database entity status changed: kind=table entity_id=019fd1cb35c675e1b9aca82f6fddd89d table_id=events previous=Sync next=Ready
[2026-08-05T11:59:52Z INFO  server] connector peer disconnected from 127.0.0.1:59015 (active_connections=0)
[2026-08-05T11:59:52Z INFO  server] connector peer connected from 127.0.0.1:59016 (active_connections=1)
[2026-08-05T11:59:52Z INFO  server::core::control::connector_handler] server peer discovery row peer_id=perf-baseline-node local_node_addrs=["/ip4/127.0.0.1/tcp/19401"] peer_addrs=["/ip4/127.0.0.1/tcp/19401"]
[2026-08-05T11:59:52Z INFO  server] connector peer disconnected from 127.0.0.1:59016 (active_connections=0)
[2026-08-05T11:59:52Z INFO  server] connector peer connected from 127.0.0.1:59017 (active_connections=1)
[2026-08-05T11:59:52Z INFO  server::core::control::connector_handler] server peer discovery row peer_id=perf-baseline-node local_node_addrs=["/ip4/127.0.0.1/tcp/19401"] peer_addrs=["/ip4/127.0.0.1/tcp/19401"]
[2026-08-05T11:59:52Z INFO  serverlib::engine::database::table] database entity status changed: kind=table entity_id=019fd1cb35c675e1b9aca82f6fddd89d table_id=events previous=Ready next=Lock
[2026-08-05T11:59:52Z INFO  serverlib::engine::database::table] database entity status changed: kind=table entity_id=019fd1cb35c675e1b9aca82f6fddd89d table_id=events previous=Lock next=Sync
[2026-08-05T11:59:52Z INFO  serverlib::engine::database::table] database entity status changed: kind=table entity_id=019fd1cb35c675e1b9aca82f6fddd89d table_id=events previous=Sync next=Ready
[2026-08-05T11:59:52Z INFO  server] connector peer disconnected from 127.0.0.1:59017 (active_connections=0)
[2026-08-05T11:59:52Z INFO  server] connector peer connected from 127.0.0.1:59018 (active_connections=1)
[2026-08-05T11:59:52Z INFO  server::core::control::connector_handler] server peer discovery row peer_id=perf-baseline-node local_node_addrs=["/ip4/127.0.0.1/tcp/19401"] peer_addrs=["/ip4/127.0.0.1/tcp/19401"]
[2026-08-05T11:59:52Z INFO  server] connector peer disconnected from 127.0.0.1:59018 (active_connections=0)
[2026-08-05T11:59:52Z INFO  server] connector peer connected from 127.0.0.1:59019 (active_connections=1)
[2026-08-05T11:59:52Z INFO  server::core::control::connector_handler] server peer discovery row peer_id=perf-baseline-node local_node_addrs=["/ip4/127.0.0.1/tcp/19401"] peer_addrs=["/ip4/127.0.0.1/tcp/19401"]
[2026-08-05T11:59:52Z INFO  serverlib::engine::database::table] database entity status changed: kind=table entity_id=019fd1cb35c675e1b9aca82f6fddd89d table_id=events previous=Ready next=Lock
[2026-08-05T11:59:52Z INFO  serverlib::engine::database::table] database entity status changed: kind=table entity_id=019fd1cb35c675e1b9aca82f6fddd89d table_id=events previous=Lock next=Sync
[2026-08-05T11:59:52Z INFO  serverlib::engine::database::table] database entity status changed: kind=table entity_id=019fd1cb35c675e1b9aca82f6fddd89d table_id=events previous=Sync next=Ready
[2026-08-05T11:59:52Z INFO  server] connector peer disconnected from 127.0.0.1:59019 (active_connections=0)
[2026-08-05T11:59:52Z INFO  server] connector peer connected from 127.0.0.1:59020 (active_connections=1)
[2026-08-05T11:59:52Z INFO  server::core::control::connector_handler] server peer discovery row peer_id=perf-baseline-node local_node_addrs=["/ip4/127.0.0.1/tcp/19401"] peer_addrs=["/ip4/127.0.0.1/tcp/19401"]
[2026-08-05T11:59:52Z INFO  server] connector peer disconnected from 127.0.0.1:59020 (active_connections=0)
[2026-08-05T11:59:52Z INFO  server] connector peer connected from 127.0.0.1:59021 (active_connections=1)
[2026-08-05T11:59:52Z INFO  server::core::control::connector_handler] server peer discovery row peer_id=perf-baseline-node local_node_addrs=["/ip4/127.0.0.1/tcp/19401"] peer_addrs=["/ip4/127.0.0.1/tcp/19401"]
[2026-08-05T11:59:52Z INFO  serverlib::engine::database::table] database entity status changed: kind=table entity_id=019fd1cb35c675e1b9aca82f6fddd89d table_id=events previous=Ready next=Lock
[2026-08-05T11:59:52Z INFO  serverlib::engine::database::table] database entity status changed: kind=table entity_id=019fd1cb35c675e1b9aca82f6fddd89d table_id=events previous=Lock next=Sync
[2026-08-05T11:59:52Z INFO  serverlib::engine::database::table] database entity status changed: kind=table entity_id=019fd1cb35c675e1b9aca82f6fddd89d table_id=events previous=Sync next=Ready
[2026-08-05T11:59:52Z INFO  server] connector peer disconnected from 127.0.0.1:59021 (active_connections=0)
[2026-08-05T11:59:52Z INFO  server] connector peer connected from 127.0.0.1:59022 (active_connections=1)
[2026-08-05T11:59:52Z INFO  server::core::control::connector_handler] server peer discovery row peer_id=perf-baseline-node local_node_addrs=["/ip4/127.0.0.1/tcp/19401"] peer_addrs=["/ip4/127.0.0.1/tcp/19401"]
[2026-08-05T11:59:52Z INFO  server] connector peer disconnected from 127.0.0.1:59022 (active_connections=0)
[2026-08-05T11:59:52Z INFO  server] connector peer connected from 127.0.0.1:59023 (active_connections=1)
[2026-08-05T11:59:52Z INFO  server::core::control::connector_handler] server peer discovery row peer_id=perf-baseline-node local_node_addrs=["/ip4/127.0.0.1/tcp/19401"] peer_addrs=["/ip4/127.0.0.1/tcp/19401"]
[2026-08-05T11:59:52Z INFO  serverlib::engine::database::table] database entity status changed: kind=table entity_id=019fd1cb35c675e1b9aca82f6fddd89d table_id=events previous=Ready next=Lock
[2026-08-05T11:59:52Z INFO  serverlib::engine::database::table] database entity status changed: kind=table entity_id=019fd1cb35c675e1b9aca82f6fddd89d table_id=events previous=Lock next=Sync
[2026-08-05T11:59:52Z INFO  serverlib::engine::database::table] database entity status changed: kind=table entity_id=019fd1cb35c675e1b9aca82f6fddd89d table_id=events previous=Sync next=Ready
[2026-08-05T11:59:52Z INFO  server] connector peer disconnected from 127.0.0.1:59023 (active_connections=0)
[2026-08-05T11:59:52Z INFO  server] connector peer connected from 127.0.0.1:59024 (active_connections=1)
[2026-08-05T11:59:52Z INFO  server::core::control::connector_handler] server peer discovery row peer_id=perf-baseline-node local_node_addrs=["/ip4/127.0.0.1/tcp/19401"] peer_addrs=["/ip4/127.0.0.1/tcp/19401"]
[2026-08-05T11:59:52Z INFO  server] connector peer disconnected from 127.0.0.1:59024 (active_connections=0)
[2026-08-05T11:59:52Z INFO  server] connector peer connected from 127.0.0.1:59025 (active_connections=1)
[2026-08-05T11:59:52Z INFO  server::core::control::connector_handler] server peer discovery row peer_id=perf-baseline-node local_node_addrs=["/ip4/127.0.0.1/tcp/19401"] peer_addrs=["/ip4/127.0.0.1/tcp/19401"]
[2026-08-05T11:59:52Z INFO  serverlib::engine::database::table] database entity status changed: kind=table entity_id=019fd1cb35c675e1b9aca82f6fddd89d table_id=events previous=Ready next=Lock
[2026-08-05T11:59:52Z INFO  serverlib::engine::database::table] database entity status changed: kind=table entity_id=019fd1cb35c675e1b9aca82f6fddd89d table_id=events previous=Lock next=Sync
[2026-08-05T11:59:52Z INFO  serverlib::engine::database::table] database entity status changed: kind=table entity_id=019fd1cb35c675e1b9aca82f6fddd89d table_id=events previous=Sync next=Ready
[2026-08-05T11:59:52Z INFO  server] connector peer disconnected from 127.0.0.1:59025 (active_connections=0)
[2026-08-05T11:59:52Z INFO  server] connector peer connected from 127.0.0.1:59026 (active_connections=1)
[2026-08-05T11:59:52Z INFO  server::core::control::connector_handler] server peer discovery row peer_id=perf-baseline-node local_node_addrs=["/ip4/127.0.0.1/tcp/19401"] peer_addrs=["/ip4/127.0.0.1/tcp/19401"]
[2026-08-05T11:59:52Z INFO  server] connector peer disconnected from 127.0.0.1:59026 (active_connections=0)
[2026-08-05T11:59:52Z INFO  server] connector peer connected from 127.0.0.1:59027 (active_connections=1)
[2026-08-05T11:59:52Z INFO  server::core::control::connector_handler] server peer discovery row peer_id=perf-baseline-node local_node_addrs=["/ip4/127.0.0.1/tcp/19401"] peer_addrs=["/ip4/127.0.0.1/tcp/19401"]
[2026-08-05T11:59:52Z INFO  serverlib::engine::database::table] database entity status changed: kind=table entity_id=019fd1cb35c675e1b9aca82f6fddd89d table_id=events previous=Ready next=Lock
[2026-08-05T11:59:52Z INFO  serverlib::engine::database::table] database entity status changed: kind=table entity_id=019fd1cb35c675e1b9aca82f6fddd89d table_id=events previous=Lock next=Sync
[2026-08-05T11:59:52Z INFO  serverlib::engine::database::table] database entity status changed: kind=table entity_id=019fd1cb35c675e1b9aca82f6fddd89d table_id=events previous=Sync next=Ready
[2026-08-05T11:59:52Z INFO  server] connector peer disconnected from 127.0.0.1:59027 (active_connections=0)
[2026-08-05T11:59:52Z INFO  server] connector peer connected from 127.0.0.1:59028 (active_connections=1)
[2026-08-05T11:59:52Z INFO  server::core::control::connector_handler] server peer discovery row peer_id=perf-baseline-node local_node_addrs=["/ip4/127.0.0.1/tcp/19401"] peer_addrs=["/ip4/127.0.0.1/tcp/19401"]
[2026-08-05T11:59:52Z INFO  server] connector peer disconnected from 127.0.0.1:59028 (active_connections=0)
[2026-08-05T11:59:52Z INFO  server] connector peer connected from 127.0.0.1:59029 (active_connections=1)
[2026-08-05T11:59:52Z INFO  server::core::control::connector_handler] server peer discovery row peer_id=perf-baseline-node local_node_addrs=["/ip4/127.0.0.1/tcp/19401"] peer_addrs=["/ip4/127.0.0.1/tcp/19401"]
[2026-08-05T11:59:52Z INFO  serverlib::engine::database::table] database entity status changed: kind=table entity_id=019fd1cb35c675e1b9aca82f6fddd89d table_id=events previous=Ready next=Lock
[2026-08-05T11:59:52Z INFO  serverlib::engine::database::table] database entity status changed: kind=table entity_id=019fd1cb35c675e1b9aca82f6fddd89d table_id=events previous=Lock next=Sync
[2026-08-05T11:59:52Z INFO  serverlib::engine::database::table] database entity status changed: kind=table entity_id=019fd1cb35c675e1b9aca82f6fddd89d table_id=events previous=Sync next=Ready
[2026-08-05T11:59:52Z INFO  server] connector peer disconnected from 127.0.0.1:59029 (active_connections=0)
[2026-08-05T11:59:52Z INFO  server] connector peer connected from 127.0.0.1:59030 (active_connections=1)
[2026-08-05T11:59:52Z INFO  server::core::control::connector_handler] server peer discovery row peer_id=perf-baseline-node local_node_addrs=["/ip4/127.0.0.1/tcp/19401"] peer_addrs=["/ip4/127.0.0.1/tcp/19401"]
[2026-08-05T11:59:52Z INFO  server] connector peer disconnected from 127.0.0.1:59030 (active_connections=0)
[2026-08-05T11:59:52Z INFO  server] connector peer connected from 127.0.0.1:59031 (active_connections=1)
[2026-08-05T11:59:52Z INFO  server::core::control::connector_handler] server peer discovery row peer_id=perf-baseline-node local_node_addrs=["/ip4/127.0.0.1/tcp/19401"] peer_addrs=["/ip4/127.0.0.1/tcp/19401"]
[2026-08-05T11:59:52Z INFO  serverlib::engine::database::table] database entity status changed: kind=table entity_id=019fd1cb35c675e1b9aca82f6fddd89d table_id=events previous=Ready next=Lock
[2026-08-05T11:59:52Z INFO  serverlib::engine::database::table] database entity status changed: kind=table entity_id=019fd1cb35c675e1b9aca82f6fddd89d table_id=events previous=Lock next=Sync
[2026-08-05T11:59:52Z INFO  serverlib::engine::database::table] database entity status changed: kind=table entity_id=019fd1cb35c675e1b9aca82f6fddd89d table_id=events previous=Sync next=Ready
[2026-08-05T11:59:52Z INFO  server] connector peer disconnected from 127.0.0.1:59031 (active_connections=0)
